id,league,club,currency,total_payroll_eur
1837,Bundesliga,Bayern Munich,EUR,308640000
1838,Bundesliga,Borussia Dortmund,EUR,144032000
1839,Bundesliga,Bayer Leverkusen,EUR,136847000
1840,Bundesliga,Leipzig,EUR,101925000
1841,Bundesliga,Stuttgart,EUR,78621000
1842,Bundesliga,Freiburg,EUR,64744000
1843,Bundesliga,Hoffenheim,EUR,64712000
1844,Bundesliga,Monchengladbach,EUR,63974000
1845,Bundesliga,Eintracht Frankfurt,EUR,63970000
1846,Bundesliga,Union Berlin,EUR,54147000
1847,Bundesliga,Werder Bremen,EUR,53690000
1848,Bundesliga,Koln,EUR,51886000
1849,Bundesliga,Hamburg,EUR,50388000
1850,Bundesliga,Mainz,EUR,47339000
1851,Bundesliga,Augsburg,EUR,42706000
1852,Bundesliga,Schalke 04,EUR,40269000
1853,Bundesliga,Elversberg,EUR,22022000
1854,Bundesliga,Paderborn,EUR,21343000
1855,Championship,West Ham,EUR,107485560
1856,Championship,Wolverhampton,EUR,91644280
1857,Championship,Burnley,EUR,72206225
1858,Championship,Southampton,EUR,62266750
1859,Championship,Sheffield United,EUR,42581175
1860,Championship,Birmingham,EUR,35348950
1861,Championship,Norwich,EUR,33286799
1862,Championship,Middlesbrough,EUR,33144475
1863,Championship,Wrexham,EUR,31144977
1864,Championship,Stoke City,EUR,30707950
1865,Championship,Derby County,EUR,28774200
1866,Championship,Watford,EUR,26260325
1867,Championship,West Bromwich,EUR,26066950
1868,Championship,Cardiff,EUR,25950925
1869,Championship,Swansea,EUR,24442600
1870,Championship,Preston,EUR,23746450
1871,Championship,Bristol,EUR,23707775
1872,Championship,Blackburn,EUR,23011625
1873,Championship,Millwall,EUR,22787310
1874,Championship,QPR,EUR,21596120
1875,Championship,Charlton,EUR,19670105
1876,Championship,Bolton,EUR,17867850
1877,Championship,Portsmouth,EUR,17442425
1878,Championship,Lincoln,EUR,12464952
1879,Eredivisie,Ajax,EUR,58250000
1880,Eredivisie,PSV,EUR,53330000
1881,Eredivisie,Feyenoord,EUR,36520000
1882,Eredivisie,AZ Alkmaar,EUR,21010000
1883,Eredivisie,NEC Nijmegen,EUR,18570000
1884,Eredivisie,Twente,EUR,18060000
1885,Eredivisie,Utrecht,EUR,17620000
1886,Eredivisie,Willem II,EUR,11450000
1887,Eredivisie,Fortuna Sittard,EUR,9890000
1888,Eredivisie,Sparta Rotterdam,EUR,9120000
1889,Eredivisie,PEC Zwolle,EUR,8830000
1890,Eredivisie,Heerenveen,EUR,8540000
1891,Eredivisie,ADO Den Haag,EUR,8270000
1892,Eredivisie,Groningen,EUR,7610000
1893,Eredivisie,Cambuur Leeuwarden,EUR,6970000
1894,Eredivisie,Go Ahead Eagles,EUR,6520000
1895,Eredivisie,Excelsior,EUR,5820000
1896,Eredivisie,Telstar,EUR,4100000
1897,La Liga,Real Madrid,EUR,480570000
1898,La Liga,Barcelona,EUR,331440000
1899,La Liga,Atletico Madrid,EUR,220050000
1900,La Liga,Athletic Club,EUR,105310000
1901,La Liga,Real Betis,EUR,97030000
1902,La Liga,Villarreal,EUR,93900000
1903,La Liga,Real Sociedad,EUR,81330000
1904,La Liga,Valencia,EUR,64703000
1905,La Liga,Sevilla,EUR,54726000
1906,La Liga,Celta Vigo,EUR,46915000
1907,La Liga,Rayo Vallecano,EUR,46133000
1908,La Liga,Getafe,EUR,43431000
1909,La Liga,Espanyol,EUR,41356000
1910,La Liga,Osasuna,EUR,40750000
1911,La Liga,Deportivo,EUR,33280000
1912,La Liga,Alaves,EUR,32905000
1913,La Liga,Levante,EUR,31792000
1914,La Liga,Elche,EUR,30113000
1915,La Liga,Racing Santander,EUR,27950000
1916,La Liga,Malaga,EUR,24212000
1917,Ligue 1,PSG,EUR,247210000
1918,Ligue 1,Marseille,EUR,68458000
1919,Ligue 1,Lyon,EUR,60906000
1920,Ligue 1,Rennes,EUR,56591000
1921,Ligue 1,Monaco,EUR,52730000
1922,Ligue 1,Nice,EUR,46525000
1923,Ligue 1,Lille,EUR,39530000
1924,Ligue 1,Lens,EUR,35668000
1925,Ligue 1,Paris FC,EUR,34995000
1926,Ligue 1,Brest,EUR,24639000
1927,Ligue 1,Strasbourg,EUR,24230000
1928,Ligue 1,Lorient,EUR,21565000
1929,Ligue 1,Toulouse,EUR,19190000
1930,Ligue 1,Auxerre,EUR,18463000
1931,Ligue 1,Angers,EUR,17238000
1932,Ligue 1,Troyes,EUR,10454000
1933,Ligue 1,Le Havre,EUR,9155000
1934,Ligue 1,Le Mans,EUR,4053000
1935,MLS,Inter Miami,EUR,49029078
1936,MLS,LA Galaxy,EUR,27895693
1937,MLS,LA FC,EUR,25833295
1938,MLS,FC Cincinnati,EUR,20880453
1939,MLS,Nashville SC,EUR,20641818
1940,MLS,Vancouver Whitecaps,EUR,20081733
1941,MLS,NYC FC,EUR,17789119
1942,MLS,Atlanta United,EUR,17617611
1943,MLS,Toronto FC,EUR,17614884
1944,MLS,NY Red Bulls,EUR,16982106
1945,MLS,Seattle Sounders,EUR,16956810
1946,MLS,NE Revolution,EUR,16497631
1947,MLS,Charlotte FC,EUR,16247456
1948,MLS,Chicago Fire,EUR,15761941
1949,MLS,Austin,EUR,15103493
1950,MLS,Portland Timbers,EUR,13864241
1951,MLS,Houston Dynamo,EUR,12465002
1952,MLS,FC Dallas,EUR,12257487
1953,MLS,Minnesota United,EUR,11956021
1954,MLS,San Jose Earthquakes,EUR,11890173
1955,MLS,San Diego FC,EUR,11716074
1956,MLS,Real Salt Lake,EUR,11676324
1957,MLS,Columbus Crew,EUR,11158352
1958,MLS,Orlando City,EUR,10698757
1959,MLS,St. Louis City,EUR,10603197
1960,MLS,DC United,EUR,10508101
1961,MLS,Colorado Rapids,EUR,9486646
1962,MLS,Philadelphia Union,EUR,9335089
1963,MLS,CF Montreal,EUR,8548561
1964,MLS,Sporting KC,EUR,6003355
1965,Premier League,Manchester City,EUR,372703240
1966,Premier League,Liverpool,EUR,340921672
1967,Premier League,Arsenal,EUR,307698300
1968,Premier League,Manchester United,EUR,302147664
1969,Premier League,Chelsea,EUR,285576200
1970,Premier League,Tottenham,EUR,267631000
1971,Premier League,Aston Villa,EUR,235137812
1972,Premier League,Newcastle,EUR,172103750
1973,Premier League,Bournemouth,EUR,143190320
1974,Premier League,Crystal Palace,EUR,140537215
1975,Premier League,Nottingham Forest,EUR,136909500
1976,Premier League,Everton,EUR,133428750
1977,Premier League,Fulham,EUR,132345850
1978,Premier League,Brighton,EUR,125492640
1979,Premier League,Brentford,EUR,116489100
1980,Premier League,Leeds,EUR,109837000
1981,Premier League,Sunderland,EUR,97578572
1982,Premier League,Ipswich Town,EUR,86245250
1983,Premier League,Hull City,EUR,74333350
1984,Premier League,Coventry,EUR,58677710
1985,Primeira Liga,Benfica,EUR,70360000
1986,Primeira Liga,Porto,EUR,59540000
1987,Primeira Liga,Sporting Lisbon,EUR,46240000
1988,Primeira Liga,Braga,EUR,22140000
1989,Primeira Liga,Rio Ave,EUR,12450000
1990,Primeira Liga,Estoril,EUR,11450000
1991,Primeira Liga,Casa Pia,EUR,10710000
1992,Primeira Liga,Famalicao,EUR,10530000
1993,Primeira Liga,Santa Clara,EUR,9500000
1994,Primeira Liga,Marítimo,EUR,9440000
1995,Primeira Liga,Gil Vicente,EUR,9410000
1996,Primeira Liga,Academico Viseu,EUR,9290000
1997,Primeira Liga,Vitoria SC,EUR,8940000
1998,Primeira Liga,Arouca,EUR,8360000
1999,Primeira Liga,Nacional,EUR,8220000
2000,Primeira Liga,Estrela Amadora,EUR,7430000
2001,Primeira Liga,Alverca,EUR,6960000
2002,Primeira Liga,Moreirense,EUR,6130000
2003,Serie A,Juventus,EUR,181540000
2004,Serie A,Inter Milan,EUR,169949000
2005,Serie A,AC Milan,EUR,134529000
2006,Serie A,Napoli,EUR,134180000
2007,Serie A,Roma,EUR,124493000
2008,Serie A,Como,EUR,92410000
2009,Serie A,Atalanta,EUR,91599000
2010,Serie A,Lazio,EUR,91063000
2011,Serie A,Fiorentina,EUR,75098000
2012,Serie A,Torino,EUR,59100000
2013,Serie A,Bologna,EUR,54061000
2014,Serie A,Sassuolo,EUR,49771000
2015,Serie A,Venezia,EUR,44143000
2016,Serie A,Genoa,EUR,41774000
2017,Serie A,Udinese,EUR,38794000
2018,Serie A,Cagliari,EUR,36165000
2019,Serie A,Monza,EUR,32725000
2020,Serie A,Parma,EUR,32599000
2021,Serie A,Frosinone,EUR,28642000
2022,Serie A,Lecce,EUR,22928000
2023,Super Lig,Fenerbahce,EUR,145750000
2024,Super Lig,Galatasaray,EUR,134660000
2025,Super Lig,Trabzonspor,EUR,81850000
2026,Super Lig,Besiktas,EUR,79580000
2027,Super Lig,Basaksehir,EUR,24020000
2028,Super Lig,Konyaspor,EUR,20650000
2029,Super Lig,Corum,EUR,20290000
2030,Super Lig,Caykur Rizespor,EUR,18070000
2031,Super Lig,Amedspor,EUR,17650000
2032,Super Lig,Gaziantep BB,EUR,17380000
2033,Super Lig,Samsunspor,EUR,16210000
2034,Super Lig,Kocaelispor,EUR,14380000
2035,Super Lig,Genclerbirligi SK,EUR,13890000
2036,Super Lig,Kasimpasa,EUR,13890000
2037,Super Lig,Alanyaspor,EUR,13490000
2038,Super Lig,Erzurumspor,EUR,13320000
2039,Super Lig,Goztepe,EUR,12900000
2040,Super Lig,Eyupspor,EUR,11140000
