id,player_id,title,total_count,season,club_id,club_name,competition
116007,283233,"Norwegian Super Cup Winner",,2017,195,"Rosenborg BK",
116085,284730,"English Champion",,23/24,281,"Manchester City",
116086,284730,"English Champion",,22/23,281,"Manchester City",
116087,284730,"Italian champion",,25/26,46,"Inter Milan",
116088,284730,"Uefa Supercup winner",,23/24,281,"Manchester City",
116089,284730,"German cup winner",,20/21,16,"Borussia Dortmund",
116090,284730,"FIFA Club World Cup winner",,2024,281,"Manchester City",
116091,284730,"English FA Cup winner",,2023,281,"Manchester City",
116092,284730,"Italian cup winner",,25/26,46,"Inter Milan",
116174,287183,"Russian Super Cup winner",,18/19,2410,"CSKA Moscow",
116175,287188,"Croatian champion",,25/26,419,"GNK Dinamo Zagreb",
116257,288431,"Brazilian champion",,2025,614,"CR Flamengo",
107085,1000301,"Bremenliga Champion",,23/24,87,"SV Werder Bremen II",
107086,1000301,"Westphalia Cup winner",,25/26,93,"SC Verl",
107087,1000675,"Argentinian champion",,2024,1029,"CA Vélez Sarsfield",
107088,1000675,"Winner Copa LPF Proyección Inicial",,23/24,14842,"CA Vélez Sarsfield II",
107089,1000674,"Portuguese Super Cup winner",,2026,294,"SL Benfica",
107090,100131,"Player of the Year",,14/15,,,"2015 European Under-21 Football Championship"
107091,100131,"European champion",,2016,3300,Portugal,
107092,100131,"Winner UEFA Nations League",,2019,3300,Portugal,
107093,100131,"Spanish cup winner",,21/22,150,"Real Betis Balompié",
107094,100131,"Portuguese cup winner",,2015,336,"Sporting CP",
107095,100131,"Portuguese league cup winner",,17/18,336,"Sporting CP",
107096,100131,"Torneio Internacional Algarve U17",,2009,23137,"Portugal U17",
107097,1001531,"Winner South American Games",,21/22,22982,"Paraguay U20",
107098,1001531,"Paraguayan Champion Apertura",,2023,9875,"Club Libertad Asunción",
107099,1001531,"Paraguayan Champion Apertura",,2022,9875,"Club Libertad Asunción",
107100,1001531,"Paraguayan Champion Clausura",,2023,9875,"Club Libertad Asunción",
107101,1001839,"Scottish Second League Champion",,24/25,1191,"Falkirk FC",
107102,1002127,"Canadian Champion",,24/25,79097,"Atlético Ottawa",
107103,1002223,"MLS Next Pro Cup Champion",,24/25,39815,"New York Red Bulls II",
107104,1002283,"Canadian Cup Winner",,2024,6321,"Vancouver Whitecaps FC",
107105,1002288,"Copa São Paulo de Juniores winner",,2022,14807,"SE Palmeiras São Paulo U20",
107106,1003546,"Danish champion",,23/24,865,"FC Midtjylland",
107107,1003546,"Danish Youth Champion",,2024,9054,"FC Midtjylland U19",
107108,1003546,"Danish Youth Champion",,2023,9054,"FC Midtjylland U19",
107109,1003912,"Chilean Super Cup Winner",,24/25,1037,"Club Universidad de Chile",
107110,100379,"Colombian Champion",,24/25,11648,"Independiente Santa Fe",
107111,100379,"Colombian Cup winner",,19/20,10093,"Independiente Medellín",
107112,100379,"Colombian Cup winner",,18/19,10093,"Independiente Medellín",
107113,100379,"Colombian Super Cup winner",,25/26,11648,"Independiente Santa Fe",
107114,100379,"Under-20 South American Championship winner",,2013,28266,"Colombia U20",
107115,1004062,"Danish champion",,25/26,678,"Aarhus GF",
107116,1004327,"English 2nd tier champion",,25/26,990,"Coventry City",
107117,1004299,"Canadian Champion",,21/22,68029,"Forge FC",
107118,1004486,"French Youth Cup winner",,21/22,7813,"Olympique Lyon U19",
107119,1004619,"French U19 champion",,22/23,10851,"FC Nantes U19",
107120,1004708,"Conference League winner",,24/25,631,"Chelsea FC",
107121,1004708,"FIFA Club World Cup winner",,2025,631,"Chelsea FC",
107122,1004681,"Portuguese league cup winner",,25/26,2420,"Vitória Guimarães SC",
107123,1004725,"Portuguese champion",,25/26,720,"FC Porto",
107124,1004725,"Winner Supercopa do Brasil",,2024,585,"São Paulo Futebol Clube",
107125,1004737,"Copa Libertadores winner",,22/23,2462,"Fluminense Football Club",
107126,1004737,"Premier League Cup-Winner",,24/25,33727,"Queens Park Rangers U21",
107127,1004739,"Copa São Paulo de Juniores winner",,2024,14876,"SC Corinthians U20",
107128,1004739,"Campeão Paulista",,24/25,199,"Sport Club Corinthians Paulista",
107129,1004741,"Russian champion",,2026,964,"Zenit St. Petersburg",
107130,1004741,"Russian champion",,2024,964,"Zenit St. Petersburg",
107131,1004741,"Russian cup winner",,2024,964,"Zenit St. Petersburg",
107132,1004741,"Russian Super Cup winner",,26/27,964,"Zenit St. Petersburg",
107133,1004741,"Russian Super Cup winner",,24/25,964,"Zenit St. Petersburg",
107134,1004741,"Under-20 South American Championship winner",,2025,7658,"Brazil U20",
107135,1004741,"Under-20 South American Championship winner",,2023,7658,"Brazil U20",
107136,1004834,"Belgian Super Cup Winner",,23/24,1096,"Royal Antwerp FC",
107137,1005165,"Under-20 South American Championship winner",,2023,7658,"Brazil U20",
107138,1005240,"French cup winner",,22/23,415,"FC Toulouse",
107139,1005240,"European Under-17 champion",,2022,10831,"France U17",
107140,1005575,"Under-17 South American Championship winner",,2023,23130,"Brazil U17",
107141,1005575,"U21 Premier League champion",,24/25,9265,"Manchester City U21",
107142,1005583,"Europa League winner",,25/26,405,"Aston Villa",
107143,1005650,"Brazilian cup winner",,2025,199,"Sport Club Corinthians Paulista",
107144,1005650,"Winner Supercopa do Brasil",,2026,199,"Sport Club Corinthians Paulista",
107145,1005650,"Copa São Paulo de Juniores winner",,2024,14876,"SC Corinthians U20",
107146,1005650,"Campeão Paulista",,24/25,199,"Sport Club Corinthians Paulista",
107147,1005653,"Brazilian cup winner",,2025,199,"Sport Club Corinthians Paulista",
107148,1005653,"Winner Supercopa do Brasil",,2026,199,"Sport Club Corinthians Paulista",
107149,1005656,"Brazilian cup winner",,2025,199,"Sport Club Corinthians Paulista",
107150,1005656,"Winner Supercopa do Brasil",,2026,199,"Sport Club Corinthians Paulista",
107151,1005656,"Under-20 South American Championship winner",,2025,7658,"Brazil U20",
107152,1005656,"Copa São Paulo de Juniores winner",,2024,14876,"SC Corinthians U20",
107153,1005969,"Campeón Supercopa Ecuador",,24/25,9855,"LDU Quito",
107154,1006058,"Colombian 2nd tier champion",,25/26,7136,"Envigado FC",
107155,1006077,"CONCACAF Champions League winner",,24/25,3711,"CD Cruz Azul",
107156,1006077,"Winner CONCACAF U17-Championship",,22/23,23134,"Mexico U17",
107157,1006250,"Campeón Primera Nacional",,21/22,2417,"Club Atlético Belgrano",
107158,1006411,"Conference League winner",,25/26,873,"Crystal Palace",
107159,1006609,"MLS Next Pro Cup Champion",,24/25,39815,"New York Red Bulls II",
107160,1006612,"Supporters' Shield Winner",,24/25,25467,"Philadelphia Union",
107161,1007378,"Spanish cup winner",,25/26,681,"Real Sociedad",
107162,1007378,"Saudi Arabian champion",,25/26,18544,"Al-Nassr FC",
107163,1007378,"Under-20 South American Championship winner",,2025,7658,"Brazil U20",
107164,1007381,"MLS Cup Champion",,23/24,1061,"Los Angeles Galaxy",
107165,1007387,"MLS Cup Champion",,24/25,69261,"Inter Miami CF",
107166,1007720,"OFC Nations Cup winner",,23/24,9171,"New Zealand",
107167,1008456,"MLS Cup Champion",,24/25,69261,"Inter Miami CF",
107168,1008456,"Supporters' Shield Winner",,23/24,69261,"Inter Miami CF",
107169,1008564,"Dutch Cup winner",,25/26,1090,"AZ Alkmaar",
107170,1009030,"Brazilian cup winner",,2024,614,"CR Flamengo",
107171,1009030,"Winner Supercopa do Brasil",,2025,614,"CR Flamengo",
107172,1009030,"U20 Copa Libertadores winner",,23/24,15002,"CR Flamengo U20",
107173,1009030,"Under-17 South American Championship winner",,2023,23130,"Brazil U17",
107174,1009030,"U20 Intercontinental Cup Winner",,24/25,15002,"CR Flamengo U20",
107175,1009030,"Campeão Carioca",,24/25,614,"CR Flamengo",
107176,1009030,"Campeão Carioca",,23/24,614,"CR Flamengo",
107177,1009438,"German Under-19 cup winner",,25/26,2517,"VfB Stuttgart U19",
107178,1009438,"Torneio Internacional Algarve U17",,2024,17662,"Germany U17",
107179,1009439,"German cup winner",,25/26,27,"Bayern Munich",
107180,1009439,"Torneio Internacional Algarve U17",,2024,17662,"Germany U17",
107181,1009441,"German Champion",,25/26,27,"Bayern Munich",
107182,1009463,"Torneio Internacional Algarve U17",,2024,17662,"Germany U17",
107183,1009596,"French U19 champion",,21/22,10851,"FC Nantes U19",
107184,1009732,"Supporters' Shield Winner",,24/25,25467,"Philadelphia Union",
107185,100986,"French champion",,19/20,583,"Paris Saint-Germain",
107186,100986,"French champion",,18/19,583,"Paris Saint-Germain",
107187,100986,"French champion",,17/18,583,"Paris Saint-Germain",
107188,100986,"German cup winner",,20/21,16,"Borussia Dortmund",
107189,100986,"French cup winner",,19/20,583,"Paris Saint-Germain",
107190,100986,"French cup winner",,17/18,583,"Paris Saint-Germain",
107191,100986,"French cup winner",,16/17,583,"Paris Saint-Germain",
107192,100986,"French league cup winner",,19/20,583,"Paris Saint-Germain",
107193,100986,"French league cup winner",,17/18,583,"Paris Saint-Germain",
107194,100986,"French league cup winner",,16/17,583,"Paris Saint-Germain",
107195,100986,"Belgian champion",,15/16,2282,"Club Brugge KV",
107196,100986,"Belgian cup winner",,2015,2282,"Club Brugge KV",
107197,100986,"French Super Cup winner",,19/20,583,"Paris Saint-Germain",
107198,100986,"French Super Cup winner",,17/18,583,"Paris Saint-Germain",
107199,100986,"French Super Cup winner",,16/17,583,"Paris Saint-Germain",
107200,1010277,"Swedish champion",,2025,2719,"Mjällby AIF",
107201,1010277,"Swedish cup winner",,2026,2719,"Mjällby AIF",
107202,1010296,"MLS Next Pro Cup Champion",,22/23,104630,"Austin FC II",
107203,101031,"Cypriot champions",,18/19,2784,"APOEL Nicosia",
107204,101031,"Campeón Copa Ecuador",,24/25,17584,"CD Universidad Católica",
107205,1010300,"Top goal scorer",,23/24,,,"CONCACAF U-20 Championship"
107206,1010854,"Conference League winner",,24/25,631,"Chelsea FC",
107207,1011147,"Europa League winner",,24/25,148,"Tottenham Hotspur",
107208,101118,"Uefa Supercup winner",,10/11,13,"Atlético de Madrid",
107209,101118,"Europa League winner",,11/12,13,"Atlético de Madrid",
107210,101118,"Europa League winner",,09/10,13,"Atlético de Madrid",
107211,101118,"English FA Cup winner",,2013,1071,"Wigan Athletic",
107212,101118,"Spanish cup winner",,21/22,150,"Real Betis Balompié",
107213,101118,"Spanish cup winner",,12/13,13,"Atlético de Madrid",
107214,101118,"Saudi Arabian 2nd tier champion",,23/24,26069,"Al-Qadsiah FC",
107215,101118,"European Under-21 champion",,2013,9567,"Spain U21",
107216,1011738,"English Youth League winner (U18)",,23/24,5242,"Manchester United U18",
107217,1011469,"Top goal scorer",,22/23,,,"2023 Africa U-23 Cup of Nations"
107218,1011936,"Belgian champion",,25/26,2282,"Club Brugge KV",
107219,1012421,"Serbia U17 Champion",,22/23,66822,"FK Partizan Belgrade U17",
107220,1012174,"Top goal scorer",,23/24,,,"U20 Copa Libertadores"
107221,1012174,"Brazilian champion",,2025,614,"CR Flamengo",
107222,1012174,"Brazilian cup winner",,2024,614,"CR Flamengo",
107223,1012174,"Brazilian cup winner",,2022,614,"CR Flamengo",
107224,1012174,"U20 Copa Libertadores winner",,24/25,15002,"CR Flamengo U20",
107225,1012174,"U20 Copa Libertadores winner",,23/24,15002,"CR Flamengo U20",
107226,1012174,"Under-20 South American Championship winner",,2025,7658,"Brazil U20",
107227,1012174,"U20 Intercontinental Cup Winner",,24/25,15002,"CR Flamengo U20",
107228,1012174,"U20 Intercontinental Cup Winner",,23/24,15002,"CR Flamengo U20",
107229,1012174,"Under-17 Brazilian champion",,2021,97588,"CR Flamengo U17",
107230,1012174,"Campeão Carioca",,25/26,614,"CR Flamengo",
107231,1012174,"Campeão Carioca",,24/25,614,"CR Flamengo",
107232,1012174,"Campeão Carioca",,23/24,614,"CR Flamengo",
107233,1012534,"Dutch Cup winner",,23/24,234,"Feyenoord Rotterdam",
107234,1012731,"Italian Youth champion (Primavera)",,25/26,8505,"Fiorentina Primavera",
107235,1012731,"Coppa Italia Primavera winner",,23/24,8505,"Fiorentina Primavera",
107236,1012564,"Top goal scorer",,24/25,,,"Copa do Brasil"
107237,1012564,"Top goal scorer",,22/23,,,"U-17 South American Championship"
107238,1012564,"Under-17 South American Championship winner",,2023,23130,"Brazil U17",
107239,1012564,"Under-20 South American Championship winner",,2025,7658,"Brazil U20",
107240,1013474,"MLS Next Pro Cup Champion",,23/24,71021,"North Texas SC",
107241,1013991,"Finnish cup winner",,2025,1008,"HJK Helsinki",
107242,1015245,"Norwegian champion",,2024,501,"FK Bodø/Glimt",
107243,1015245,"Norwegian champion",,2023,501,"FK Bodø/Glimt",
107244,1015245,"Norwegian cup winner",,2026,501,"FK Bodø/Glimt",
107245,1015336,"Finnish cup winner",,2025,1008,"HJK Helsinki",
107246,1015624,"Colombian Champion",,21/22,8172,"Atlético Nacional",
107247,1015624,"Colombian Cup winner",,22/23,8172,"Atlético Nacional",
107248,1015624,"Colombian Super Cup winner",,22/23,8172,"Atlético Nacional",
107249,1015811,"Swiss U19 Cup winner",,23/24,110603,"FC Luzern U19",
107250,1015822,"UEFA Youth League Winner",,24/25,41584,"FC Barcelona UEFA U19",
107251,1015822,"Italian Youth champion (Primavera)",,25/26,8505,"Fiorentina Primavera",
107252,1015823,"Swiss champion",,24/25,26,"FC Basel 1893",
107253,1015823,"Swiss cup winner",,24/25,26,"FC Basel 1893",
107254,1015823,"Swiss U19-Champion",,23/24,110149,"FC Basel 1893 U19",
107255,1015824,"Swiss U17-Champion",,23/24,33982,"FC Zürich U17",
107256,1016253,"Turkish champion",,24/25,141,Galatasaray,
107257,1016253,"Turkish champion",,23/24,141,Galatasaray,
107258,1016253,"Turkish cup winner",,24/25,141,Galatasaray,
107259,1016309,"Danish Youth Champion",,2025,9054,"FC Midtjylland U19",
107260,1016309,"Danish Youth Champion",,2024,9054,"FC Midtjylland U19",
107261,1016309,"Danish Youth Champion",,2023,9054,"FC Midtjylland U19",
107262,1016314,"Swedish cup winner",,2024,496,"Malmö FF",
107263,1016556,"Conference League winner",,24/25,631,"Chelsea FC",
107264,1016857,"Scottish league cup winner",,25/26,465,"St. Mirren FC",
107265,1016857,"Caribbean Club Championship Winner",,24/25,39197,"Cavalier FC",
107266,1016857,"Jamaican Champion",,24/25,39197,"Cavalier FC",
107267,1016857,"Jamaican Champion",,23/24,39197,"Cavalier FC",
107268,1017247,"Danish Youth Champion",,2025,9054,"FC Midtjylland U19",
107269,1017247,"Danish Youth Champion",,2024,9054,"FC Midtjylland U19",
107270,1017261,"Top goal scorer",,23/24,,,"UEFA Youth League"
107271,1017261,"Top goal scorer",,23/24,,,"U19 Boys League"
107272,1017261,"Danish champion",,24/25,190,"FC Copenhagen",
107273,1017261,"Danish Cup Winner",,24/25,190,"FC Copenhagen",
107274,1017261,"Danish Youth Champion",,2022,16104,"FC Copenhagen U19",
107275,1017551,"Turkish second tier champion",,22/23,152,Samsunspor,
107276,1018035,"Finnish champion",,2024,6251,"Kuopion Palloseura",
107277,1018035,"Finnish cup winner",,2024,6251,"Kuopion Palloseura",
107278,1018259,"Top goal scorer",,21/22,,,OBOS-ligaen
107279,1018259,"TM-Player of the season",,2023,,,
107280,1018043,"Italian Youth champion (U18)",,24/25,75900,"Torino Under 18",
107281,1018938,"Spanish cup winner",,25/26,681,"Real Sociedad",
107282,1018938,"Torneio Internacional Algarve U17",,2023,12395,"Spain U17",
107283,1018920,"Spanish champion",,25/26,131,"FC Barcelona",
107284,1018920,"Spanish champion",,24/25,131,"FC Barcelona",
107285,1018920,"Spanish Super Cup winner",,25/26,131,"FC Barcelona",
107286,1019485,"Mexican Clausura champion",,23/24,3631,"CF América",
107287,1019485,"Mexican Champion Apertura",,24/25,3631,"CF América",
107288,1019485,"Mexican Champion Apertura",,23/24,3631,"CF América",
107289,1019485,"Campeones Cup Winner",,23/24,3631,"CF América",
107290,1019928,"MLS Next Pro Cup Champion",,24/25,39815,"New York Red Bulls II",
107291,1019988,"UAE Champion",,22/23,60529,"Shabab Al-Ahli Club",
107292,102017,"UEFA Best Player in Europe",,2021,631,"Chelsea FC",
107293,102017,"European champion",,2021,3376,Italy,
107294,102017,"UEFA Champions League winner",,20/21,631,"Chelsea FC",
107295,102017,"Uefa Supercup winner",,21/22,631,"Chelsea FC",
107296,102017,"Europa League winner",,18/19,631,"Chelsea FC",
107297,102017,"FIFA Club World Cup winner",,2022,631,"Chelsea FC",
107298,102017,"Italian cup winner",,13/14,6195,"SSC Napoli",
107299,102017,"Italian Super Cup winner",,14/15,6195,"SSC Napoli",
107300,102017,"Derby of the Americas Champion",,24/25,614,"CR Flamengo",
107301,102017,"Challenger Cup Champion",,24/25,614,"CR Flamengo",
107302,102017,"Brazilian champion",,2025,614,"CR Flamengo",
107303,102017,"Copa Libertadores winner",,24/25,614,"CR Flamengo",
107304,102017,"Campeão Carioca",,25/26,614,"CR Flamengo",
107305,1020191,"French cup winner",,25/26,826,"RC Lens",
107306,1020850,"WAFF West Asian U18 Championship winner",,2024,28154,"Saudi Arabia U19",
107307,1020852,"Saudi Arabian champion",,25/26,18544,"Al-Nassr FC",
107308,1020855,"Saudi Cup Winner",,24/25,8023,"Al-Ittihad Club",
107309,1020859,"Saudi Super Cup Winner",,25/26,18487,"Al-Ahli SFC",
107310,1020859,"AFC Champions League winner",,25/26,18487,"Al-Ahli SFC",
107311,1020859,"AFC Champions League winner",,24/25,18487,"Al-Ahli SFC",
107312,1021022,"Russian U19 Champion",,23/24,11749,"Lokomotiv Moscow II",
107313,102146,"European Under-19 champion",,2011,12609,"Spain U19",
107314,1021818,"Hungarian champion",,24/25,279,"Ferencvárosi TC",
107315,102226,"Footballer of the Year",,2013,,,
107316,102226,"German cup winner",,20/21,16,"Borussia Dortmund",
107317,102226,"German Super Cup winner",,19/20,16,"Borussia Dortmund",
107318,102226,"Dutch Cup winner",,22/23,383,"PSV Eindhoven",
107319,1022383,"Argentinian champion",,2022,189,"CA Boca Juniors",
107320,1022383,"Campeón Supercopa Argentina",,21/22,189,"CA Boca Juniors",
107321,1022383,"Winner Copa LPF Proyección Final",,20/21,14831,"CA Boca Juniors II",
107322,1022383,"Campeón Trofeo de campeones Proyección",,20/21,14831,"CA Boca Juniors II",
107323,1022814,"Supporters' Shield Winner",,24/25,25467,"Philadelphia Union",
116258,288431,"Brazilian champion",,2020,614,"CR Flamengo",
107324,1023668,"Chilean Cup Winner",,23/24,1037,"Club Universidad de Chile",
107325,102423,"Europa League winner",,09/10,13,"Atlético de Madrid",
107326,102423,"Spanish 2nd tier champion",,20/21,714,"RCD Espanyol Barcelona",
107327,1024605,"Campeão Gaúcho",,25/26,210,"Grêmio Foot-Ball Porto Alegrense",
107328,1024605,"Campeão Gaúcho",,23/24,210,"Grêmio Foot-Ball Porto Alegrense",
107329,1025234,"Saxony Cup winner",,22/23,497,"1. FC Lokomotive Leipzig",
107330,102581,"Russian champion",,2025,16704,"FC Krasnodar",
107331,1025989,"Bulgarian cup winner",,23/24,2531,"Botev Plovdiv",
107332,1025989,"German Under-19 cup winner",,24/25,2491,"SV Werder Bremen U19",
107333,1026053,"Colombian Champion",,25/26,11854,"Junior FC",
107334,1026588,"Danish second tier champion",,2025,173,"Odense Boldklub",
107335,102699,"Mexican Campeón de Campeones",,22/23,7055,"Tigres UANL",
107336,102699,"Mexican Super Cup Winner",,13/14,5623,"Monarcas Morelia",
107337,102699,"Mexican Cup winner Apertura",,13/14,5623,"Monarcas Morelia",
107338,102699,"Campeones Cup Winner",,22/23,7055,"Tigres UANL",
107339,1027026,"Copa São Paulo de Juniores winner",,2025,14708,"São Paulo FC U20",
107340,1027444,"Danish Youth Champion",,2026,16104,"FC Copenhagen U19",
107341,1027708,"Norwegian champion",,2025,239,"Viking FK",
107342,1028162,"French 2nd tier champion",,22/23,738,"Le Havre AC",
107343,1029227,"Brazilian cup winner",,2025,199,"Sport Club Corinthians Paulista",
107344,1029227,"Winner Supercopa do Brasil",,2026,199,"Sport Club Corinthians Paulista",
107345,1029227,"Under-20 South American Championship winner",,2025,7658,"Brazil U20",
107346,1029227,"Copa São Paulo de Juniores winner",,2024,14876,"SC Corinthians U20",
107347,1029227,"Campeão Paulista",,24/25,199,"Sport Club Corinthians Paulista",
107348,1030003,"Central American and Caribbean Games Winner",,22/23,48791,"Mexico U22",
107349,1030663,"East Asian Championship winner",,24/25,3435,Japan,
107350,1030933,"Swedish champion",,2025,2719,"Mjällby AIF",
107351,1030933,"Swedish cup winner",,2026,2719,"Mjällby AIF",
107352,1030739,"Iranian cup winner",,23/24,4947,"Sepahan FC",
107353,1031774,"German cup winner",,24/25,79,"VfB Stuttgart",
107354,1031774,"European Under-17 champion",,2023,17662,"Germany U17",
107355,1031798,"Colombian Champion",,23/24,8172,"Atlético Nacional",
107356,1031798,"Colombian Cup winner",,24/25,8172,"Atlético Nacional",
107357,1031798,"Colombian Cup winner",,23/24,8172,"Atlético Nacional",
107358,1031798,"Colombian Cup winner",,22/23,8172,"Atlético Nacional",
107359,1031798,"Colombian Super Cup winner",,25/26,11648,"Independiente Santa Fe",
107360,1031798,"Colombian Super Cup winner",,24/25,8172,"Atlético Nacional",
107361,1031802,"Colombian Champion",,23/24,8172,"Atlético Nacional",
107362,1031802,"Colombian Cup winner",,23/24,8172,"Atlético Nacional",
107363,1031802,"Colombian Cup winner",,22/23,8172,"Atlético Nacional",
107364,1031802,"Colombian Super Cup winner",,24/25,8172,"Atlético Nacional",
107365,1031802,"Colombian Super Cup winner",,22/23,8172,"Atlético Nacional",
107366,1032334,"Saudi Arabian champion",,25/26,18544,"Al-Nassr FC",
107367,103246,"Top goal scorer",,14/15,,,"Copa Sudamericana"
107368,103246,"Top goal scorer",,14/15,,,
107369,103246,"Top goal scorer",,13/14,,,"Copa Sudamericana"
107370,103246,"Brazilian cup winner",,2016,210,"Grêmio Foot-Ball Porto Alegrense",
107371,103246,"Copa Sudamericana winner",,08/09,9855,"LDU Quito",
107372,103246,"Copa Libertadores winner",,16/17,210,"Grêmio Foot-Ball Porto Alegrense",
107373,103246,"Recopa Sudamericana winner",,09/10,9855,"LDU Quito",
107374,103246,"Recopa Sudamericana winner",,08/09,9855,"LDU Quito",
107375,103246,"Ecuadorian champion",,2015,4561,"CS Emelec",
107376,103246,"Ecuadorian champion",,2014,4561,"CS Emelec",
107377,103246,"Ecuadorian champion",,2013,4561,"CS Emelec",
107378,103246,"Ecuadorian champion",,2010,9855,"LDU Quito",
107379,103246,"Ecuadorian 2nd tier champion",,24/25,25569,"Guayaquil City FC",
107380,103253,"Chilean champion",,2021,3277,"CD Universidad Católica",
107381,103253,"Chilean Super Cup Winner",,20/21,3277,"CD Universidad Católica",
107382,103253,"Chilean Super Cup Winner",,19/20,3277,"CD Universidad Católica",
107383,103253,"Chilean Cup Winner",,17/18,6536,"CD Palestino",
107384,1033102,"English FA Youth Cup winner",,23/24,6930,"Manchester City U18",
107385,1033102,"U21 Premier League champion",,24/25,9265,"Manchester City U21",
107386,1033102,"English Youth League winner (U18)",,22/23,6930,"Manchester City U18",
107387,103381,"Top goal scorer",,22/23,,,"Copa do Brasil"
107388,103381,"Portuguese champion",,19/20,720,"FC Porto",
107389,103381,"Portuguese champion",,17/18,720,"FC Porto",
107390,103381,"Portuguese cup winner",,2020,720,"FC Porto",
107391,103381,"Greek champion",,2022,683,"Olympiacos Piraeus",
107392,103381,"Brazilian champion",,2024,537,"Botafogo de Futebol e Regatas",
107393,103381,"Copa Libertadores winner",,23/24,537,"Botafogo de Futebol e Regatas",
107394,103381,"Portuguese Super Cup winner",,2019,720,"FC Porto",
107395,103381,"Campeão da Taça Rio",,23/24,537,"Botafogo de Futebol e Regatas",
107396,103381,"Campeão da Taça Rio",,22/23,537,"Botafogo de Futebol e Regatas",
107397,103428,"Danish second tier champion",,2025,173,"Odense Boldklub",
107398,1034532,"Danish second tier champion",,2024,5817,"Sönderjyske Fodbold",
107399,103427,"English Champion",,12/13,985,"Manchester United",
107400,103427,"English Champion",,10/11,985,"Manchester United",
107401,103427,"Europa League winner",,16/17,985,"Manchester United",
107402,103427,"Conference League winner",,21/22,12,"AS Roma",
107403,103427,"English FA Cup winner",,2016,985,"Manchester United",
107404,103427,"English League Cup winner",,2017,985,"Manchester United",
107405,103427,"English Super Cup winner",,13/14,985,"Manchester United",
107406,103427,"English Super Cup winner",,11/12,985,"Manchester United",
107407,103427,"English Super Cup winner",,10/11,985,"Manchester United",
107408,103598,"Top goal scorer",,24/25,,,OBOS-ligaen
107409,103598,"Norwegian champion",,2013,2817,"Strømsgodset IF",
107410,103598,"Norwegian cup winner",,2025,353,"Lillestrøm SK",
107411,103819,"English League Cup winner",,2012,31,"Liverpool FC",
107412,103819,"Scottish champion",,09/10,124,"Rangers FC",
107413,103819,"Scottish Challenge Cup winner",,15/16,124,"Rangers FC",
107414,103819,"Scottish league cup winner",,09/10,124,"Rangers FC",
107415,103819,"Scottish Second League Champion",,15/16,124,"Rangers FC",
107416,103819,"Scottish Second League Champion",,14/15,43,"Heart of Midlothian FC",
107417,1038342,"Russian U17 Champion",,22/23,14308,"Akademia Zenit St. Petersburg U17",
107418,1038821,"Norwegian cup winner",,2024,3837,"Fredrikstad FK",
107419,103916,"Italian cup winner",,13/14,6195,"SSC Napoli",
107420,103916,"Italian Super Cup winner",,14/15,6195,"SSC Napoli",
107421,103916,"Brazilian cup winner",,2010,221,"Santos FC",
107422,103916,"Copa Libertadores winner",,10/11,221,"Santos FC",
107423,103916,"Recopa Sudamericana winner",,11/12,221,"Santos FC",
107424,103916,"Campeonato Brasileiro Série B Champioen",,21/22,609,"Cruzeiro Esporte Clube",
107425,103916,"Campeão Paulista",,11/12,221,"Santos FC",
107426,103916,"Campeão Paulista",,10/11,221,"Santos FC",
107427,103916,"Campeão Paulista",,09/10,221,"Santos FC",
107428,103981,"Danish champion",,11/12,2778,"FC Nordsjaelland",
107429,103981,"Danish Youth Champion",,2013,14355,"FC Nordsjaelland U19",
107430,103981,"Danish third tier champion",,2021,5733,"Nyköbing FC",
107431,104006,"Footballer of the Year",,2024,3277,"CD Universidad Católica",
107432,104006,"Top goal scorer",,24/25,,,"Liga de Primera"
107433,104006,"Top goal scorer",,23/24,,,"Liga de Primera"
107434,104006,"Top goal scorer",,22/23,,,"Liga de Primera"
107435,104006,"Top goal scorer",,21/22,,,"Liga de Primera"
107436,104006,"Top goal scorer",,20/21,,,"Liga de Primera"
107437,104006,"Top goal scorer",,19/20,,,"Liga de Primera"
107438,104006,"Top goal scorer",,14/15,,,"Primera B Nacional"
107439,104006,"Top goal scorer",,13/14,,,"Torneo Federal A"
107440,104006,"Chilean champion",,2021,3277,"CD Universidad Católica",
107441,104006,"Chilean champion",,2020,3277,"CD Universidad Católica",
107442,104006,"Chilean Super Cup Winner",,20/21,3277,"CD Universidad Católica",
107443,104006,"Chilean Super Cup Winner",,19/20,3277,"CD Universidad Católica",
107444,104006,"Argentinian Cup Winner",,17/18,1418,"CA Rosario Central",
107445,1040825,"Finnish league cup winner",,2026,8042,"FC Inter Turku",
107446,1040825,"Finnish league cup winner",,2025,8042,"FC Inter Turku",
107447,1041475,"Mexican Champion Apertura",,23/24,3631,"CF América",
107448,1041532,"Portuguese league cup winner",,23/24,1075,"SC Braga",
107449,1041614,"UEFA Champions League winner",,25/26,583,"Paris Saint-Germain",
107450,1041614,"French champion",,25/26,583,"Paris Saint-Germain",
107451,1041614,"Uefa Supercup winner",,25/26,583,"Paris Saint-Germain",
107452,1041614,"FIFA Intercontinental Cup Winner",,25/26,583,"Paris Saint-Germain",
107453,1041614,"Italian Supercoppa winner (Primavera)",,23/24,11997,"Roma U19",
107454,1041614,"Italian Youth champion (U17)",,22/23,49576,"Roma Under 17",
107455,1041614,"French Super Cup winner",,25/26,583,"Paris Saint-Germain",
107456,1042472,"Top goal scorer",,24/25,,,"DFB-Pokal der Junioren"
107457,1042472,"German Under-19 cup winner",,24/25,2491,"SV Werder Bremen U19",
107458,104223,"Dutch Cup winner",,25/26,1090,"AZ Alkmaar",
107459,104223,"Belgian champion",,17/18,2282,"Club Brugge KV",
107460,104223,"Dutch Super Cup winner",,2019,234,"Feyenoord Rotterdam",
107461,104223,"Dutch U17 Champion",,2007,51654,"Feyenoord U17",
107462,1042884,"Danish champion",,24/25,190,"FC Copenhagen",
107463,1042884,"Danish Cup Winner",,24/25,190,"FC Copenhagen",
107464,1042884,"Danish Youth Champion",,2026,16104,"FC Copenhagen U19",
107465,1042885,"Danish second tier champion",,2025,173,"Odense Boldklub",
107466,1042886,"Top goal scorer",,24/25,,,"FA Youth Cup"
107467,1042886,"Top goal scorer",,23/24,,,"U18 Premier League"
107468,1042887,"Danish Youth Champion",,2026,16104,"FC Copenhagen U19",
107469,1043565,"Fritz Walter Silver medalist",,2024,4121,"Borussia Mönchengladbach U19",
107470,1043565,"Torneio Internacional Algarve U17",,2024,17662,"Germany U17",
107471,1043831,"Top goal scorer",,22/23,,,"Torneio Abertura Liga Revelação U23"
107472,1043831,"Champion 2nd League Portugal",,2025,7179,"CD Tondela",
107473,1043646,"Argentinian champion",,2024,1029,"CA Vélez Sarsfield",
107474,1044131,"Campeão da Copa do Nordeste",,24/25,10010,"Esporte Clube Bahia",
107475,1044132,"Under-17 South American Championship winner",,2023,23130,"Brazil U17",
107476,1044132,"Under-20 South American Championship winner",,2025,7658,"Brazil U20",
107477,1044132,"AFC Champions League winner",,25/26,18487,"Al-Ahli SFC",
107478,1044284,"Swedish champion",,2024,496,"Malmö FF",
107479,1044284,"Swedish cup winner",,2024,496,"Malmö FF",
107480,104505,"Ukrainian champion",,19/20,660,"Shakhtar Donetsk",
107481,104505,"Ukrainian champion",,18/19,660,"Shakhtar Donetsk",
107482,104505,"Ukrainian champion",,17/18,660,"Shakhtar Donetsk",
107483,104505,"Ukrainian champion",,16/17,660,"Shakhtar Donetsk",
107484,104505,"Ukrainian champion",,12/13,660,"Shakhtar Donetsk",
107485,104505,"Ukrainian champion",,11/12,660,"Shakhtar Donetsk",
107486,104505,"Ukrainian cup winner",,18/19,660,"Shakhtar Donetsk",
107487,104505,"Ukrainian cup winner",,17/18,660,"Shakhtar Donetsk",
107488,104505,"Ukrainian cup winner",,16/17,660,"Shakhtar Donetsk",
107489,104505,"Ukrainian cup winner",,12/13,660,"Shakhtar Donetsk",
107490,104505,"Ukrainian cup winner",,11/12,660,"Shakhtar Donetsk",
107491,104505,"Ukrainian Super Cup winner",,21/22,660,"Shakhtar Donetsk",
107492,104505,"Brazilian cup winner",,2015,1023,"Sociedade Esportiva Palmeiras",
107493,104505,"Brazilian cup winner",,2010,221,"Santos FC",
107494,104505,"Copa Libertadores winner",,10/11,221,"Santos FC",
107495,104505,"Campeão Gaúcho",,24/25,6600,"Sport Club Internacional",
107496,104505,"Campeão Gaúcho",,13/14,6600,"Sport Club Internacional",
107497,104505,"Under-20 South American Championship winner",,2011,7658,"Brazil U20",
107498,104505,"Campeão Paulista",,10/11,221,"Santos FC",
107499,104505,"Campeão Paulista",,09/10,221,"Santos FC",
107500,1045123,"English League Cup winner",,2024,31,"Liverpool FC",
107501,1045344,"Top goal scorer",,24/25,,,"U19 DFB-Nachwuchsliga - Vorrunde Gruppe F"
107502,1045344,"Top goal scorer",,24/25,,,"U19 DFB-Nachwuchsliga - Hauptrunde Liga A"
107503,1045344,"German Regionalliga Bavaria Champion",,25/26,473,"1.FC Nuremberg II",
107504,104543,"Belgian Second League Champion",,22/23,54189,"RWD Molenbeek",
107505,1045446,"Top goal scorer",,24/25,,,"U19 DFB-Nachwuchsliga - Hauptrunde Liga B"
107506,1045952,"Colombian Champion",,24/25,11648,"Independiente Santa Fe",
107507,1045952,"Colombian Super Cup winner",,25/26,11648,"Independiente Santa Fe",
107508,104597,"Belgian champion",,16/17,58,"RSC Anderlecht",
107509,104597,"Belgian champion",,13/14,58,"RSC Anderlecht",
107510,104597,"Belgian champion",,12/13,58,"RSC Anderlecht",
107511,104597,"Belgian Super Cup Winner",,14/15,58,"RSC Anderlecht",
107512,104597,"Belgian Super Cup Winner",,13/14,58,"RSC Anderlecht",
107513,1045986,"German Under-19 cup winner",,24/25,2491,"SV Werder Bremen U19",
107514,1045986,"Torneio Internacional Algarve U17",,2024,17662,"Germany U17",
107515,1046042,"MLS Next Pro Cup Champion",,21/22,95333,"Columbus Crew 2",
107516,1046042,"USL Championship Champion",,23/24,45805,"Colorado Springs Switchbacks FC",
107517,1046042,"Leagues Cup Winner",,2024,813,"Columbus Crew",
107518,1046213,"Finnish champion",,2025,6251,"Kuopion Palloseura",
107519,1046867,"Polish cup winner",,24/25,255,"Legia Warszawa",
107520,1046867,"Polish Super Cup winner",,25/26,255,"Legia Warszawa",
107521,1046648,"Danish second tier Youth Champion",,2024,15713,"Viborg FF U19",
107522,10471,"UEFA Champions League winner",,12/13,27,"Bayern Munich",
107523,10471,"German Champion",,12/13,27,"Bayern Munich",
107524,10471,"German cup winner",,14/15,82,"VfL Wolfsburg",
107525,10471,"German cup winner",,12/13,27,"Bayern Munich",
107526,10471,"German Super Cup winner",,15/16,82,"VfL Wolfsburg",
107527,10471,"German Super Cup winner",,12/13,27,"Bayern Munich",
107528,10471,"Winner Supercopa do Brasil",,2024,585,"São Paulo Futebol Clube",
107529,10471,"Confederations Cup winner",,2013,3439,Brazil,
107530,1047257,"Conference League winner",,25/26,873,"Crystal Palace",
107531,1047257,"English Super Cup winner",,25/26,873,"Crystal Palace",
107532,1047257,"Premier League International Cup winner",,23/24,6945,"Crystal Palace U21",
107533,1047261,"English FA Cup winner",,2025,873,"Crystal Palace",
107534,1047258,"Premier League International Cup winner",,23/24,6945,"Crystal Palace U21",
107535,1047258,"German Regionalliga Bavaria Champion",,25/26,473,"1.FC Nuremberg II",
107536,1047280,"English FA Cup winner",,2026,281,"Manchester City",
107537,1047280,"English League Cup winner",,2026,281,"Manchester City",
107538,1047280,"English FA Youth Cup winner",,23/24,6930,"Manchester City U18",
107539,1047280,"English FA Youth Cup winner",,22/23,9955,"West Ham United U18",
107540,1047280,"U21 Premier League champion",,24/25,9265,"Manchester City U21",
107541,1047294,"German second tier champion",,25/26,33,"FC Schalke 04",
107542,1047344,"Premier League Cup-Winner",,24/25,33727,"Queens Park Rangers U21",
107543,1047410,"German Under-17 Bundesliga champion",,22/23,21053,"Arminia Bielefeld U17",
107544,1047410,"German third tier champion",,24/25,10,"Arminia Bielefeld",
107545,1047410,"Westphalia Cup winner",,24/25,10,"Arminia Bielefeld",
107546,1047410,"Westphalia Cup winner",,23/24,10,"Arminia Bielefeld",
107547,1047860,"Portuguese league cup winner",,25/26,2420,"Vitória Guimarães SC",
107548,1048118,"Turkish champion",,25/26,141,Galatasaray,
107549,1048118,"Turkish champion",,24/25,141,Galatasaray,
107550,1049020,"English FA Cup winner",,2026,281,"Manchester City",
107551,1049020,"English League Cup winner",,2026,281,"Manchester City",
107552,1049020,"English FA Youth Cup winner",,23/24,6930,"Manchester City U18",
107553,1049020,"U21 Premier League champion",,24/25,9265,"Manchester City U21",
107554,1049152,"Ecuadorian champion",,2024,9855,"LDU Quito",
107555,104918,"Danish champion",,22/23,190,"FC Copenhagen",
107556,104918,"Danish Cup Winner",,22/23,190,"FC Copenhagen",
107557,104918,"Danish second tier champion",,2021,1063,"Viborg FF",
107558,104918,"Danish second tier champion",,2014,1177,"Silkeborg IF",
107559,1049965,"Swiss 2nd tier champion",,23/24,321,"FC Sion",
107560,1051013,"Finnish league cup winner",,2026,8042,"FC Inter Turku",
107561,1051820,"Ecuadorian 2nd tier champion",,21/22,1143,"CD El Nacional",
107562,1051822,"Ecuadorian 2nd tier champion",,21/22,1143,"CD El Nacional",
107563,1051841,"Colombian 2nd tier champion",,25/26,7136,"Envigado FC",
107564,1052489,"Top goal scorer",,23/24,,,"YFL U17"
107565,1052494,"Russian U17 Champion",,23/24,30989,"Akademia FC Krasnodar U17",
107566,1052494,"Russian U16 Champion",,23/24,84703,"Akademia FC Krasnodar U16",
107567,1052493,"Russian U17 Champion",,23/24,30989,"Akademia FC Krasnodar U17",
107568,1052493,"Russian U16 Champion",,23/24,84703,"Akademia FC Krasnodar U16",
107569,1052846,"Campeón Copa Ecuador",,23/24,1143,"CD El Nacional",
107570,1053160,"French U19 champion",,24/25,6326,"Paris Saint-Germain U19",
107571,1053160,"French U19 champion",,23/24,6326,"Paris Saint-Germain U19",
107572,1053206,"Portuguese league cup winner",,25/26,2420,"Vitória Guimarães SC",
107573,1053206,"French U19 champion",,24/25,6326,"Paris Saint-Germain U19",
107574,1053206,"French U19 champion",,23/24,6326,"Paris Saint-Germain U19",
107575,1053208,"UEFA Champions League winner",,25/26,583,"Paris Saint-Germain",
107576,1053208,"French champion",,25/26,583,"Paris Saint-Germain",
107577,1053208,"French champion",,24/25,583,"Paris Saint-Germain",
107578,1053208,"FIFA Intercontinental Cup Winner",,25/26,583,"Paris Saint-Germain",
107579,1053208,"French U19 champion",,24/25,6326,"Paris Saint-Germain U19",
107580,1053208,"French U19 champion",,23/24,6326,"Paris Saint-Germain U19",
107581,1054214,"Turkish cup winner",,25/26,449,Trabzonspor,
107582,1054214,"Türkischer U19 Meister",,24/25,41798,"Trabzonspor U19",
107583,1054214,"Türkischer U19 Meister",,23/24,41798,"Trabzonspor U19",
107584,1054470,"MLS Next Pro Cup Champion",,24/25,39815,"New York Red Bulls II",
108085,110822,"Belgian champion",,14/15,157,"KAA Gent",
108086,110822,"Belgian Super Cup Winner",,15/16,157,"KAA Gent",
108087,110864,"English League Cup winner",,2017,985,"Manchester United",
108088,110864,"European Under-17 champion",,2010,23260,"England U17",
108089,110864,"English FA Youth Cup winner",,10/11,5242,"Manchester United U18",
108090,110864,"U21 Premier League champion",,15/16,9251,"Manchester United U21",
108091,110864,"U21 Premier League champion",,12/13,9251,"Manchester United U21",
108092,110864,"Torneio Internacional Algarve U17",,2010,23260,"England U17",
108093,1109229,"Top goal scorer",,23/24,,,"YFL U16"
108094,1109229,"Russian champion",,2026,964,"Zenit St. Petersburg",
108095,1109229,"Russian U19 Champion",,24/25,6082,"Zenit St. Petersburg II",
108096,1109231,"Russian U17 Champion",,23/24,30989,"Akademia FC Krasnodar U17",
108097,110923,"Goalkeeper of the season",,11/12,3037,"Calcio Padova",
108098,110923,"Italian champion",,19/20,506,"Juventus FC",
108099,110923,"Italian champion",,18/19,506,"Juventus FC",
108100,110923,"Italian cup winner",,23/24,506,"Juventus FC",
108101,110923,"Italian Super Cup winner",,18/19,506,"Juventus FC",
108102,110923,"Italian Youth champion (Primavera)",,09/10,8517,"Genoa U19",
108103,110923,"Coppa Italia Primavera winner",,08/09,8517,"Genoa U19",
108104,110923,"Italian Supercoppa winner (Primavera)",,10/11,8517,"Genoa U19",
108105,110923,"Italian Supercoppa winner (Primavera)",,09/10,8517,"Genoa U19",
108106,1109232,"Russian champion",,2026,964,"Zenit St. Petersburg",
108107,1109232,"Russian Super Cup winner",,26/27,964,"Zenit St. Petersburg",
108108,1109232,"Russian U19 Champion",,24/25,6082,"Zenit St. Petersburg II",
108109,1109643,"Norwegian champion",,2023,501,"FK Bodø/Glimt",
108110,1109643,"Norwegian cup winner",,2026,501,"FK Bodø/Glimt",
108111,1109824,"Australian cup winner",,22/23,8054,"Sydney FC",
108112,1109828,"Australian cup winner",,23/24,71085,"Macarthur FC",
108113,1109828,"Australian cup winner",,22/23,8054,"Sydney FC",
108114,1109953,"Australian cup winner",,23/24,71085,"Macarthur FC",
108115,1110360,"Supporters' Shield Winner",,24/25,25467,"Philadelphia Union",
108116,1110360,"Supercopa Uruguaya Winner",,24/25,866,"Club Nacional",
108117,111051,"Africa Cup winner",,2022,3499,Senegal,
108118,111051,"English FA Cup winner",,2021,1003,"Leicester City",
108119,111051,"French 2nd tier champion",,12/13,162,"AS Monaco",
108120,111073,"English 2nd tier champion",,14/15,989,"AFC Bournemouth",
108121,111073,"English 3rd tier champion",,24/25,337,"Birmingham City",
108122,111073,"Football League Trophy Winner",,17/18,1198,"Lincoln City",
108123,111078,"German cup winner",,22/23,23826,"RB Leipzig",
108124,111078,"German cup winner",,21/22,23826,"RB Leipzig",
108125,111078,"German Super Cup winner",,23/24,23826,"RB Leipzig",
108126,111078,"Swedish champion",,2014,496,"Malmö FF",
108127,111078,"Swedish champion",,2013,496,"Malmö FF",
108128,111078,"Swedish Super Cup winner",,2014,496,"Malmö FF",
108129,111078,"Swedish Super Cup winner",,2013,496,"Malmö FF",
108130,111082,"CONCACAF Champions League winner",,19/20,7055,"Tigres UANL",
108131,111082,"Mexican Campeón de Campeones",,22/23,7055,"Tigres UANL",
108132,111082,"Mexican Campeón de Campeones",,17/18,7055,"Tigres UANL",
108133,111082,"Mexican Campeón de Campeones",,16/17,7055,"Tigres UANL",
107585,105470,"Goalkeeper of the season",,18/19,,,"Copa América"
107586,105470,"Goalkeeper of the season",,18/19,31,"Liverpool FC",
107587,105470,"Copa América winner",,18/19,3439,Brazil,
107588,105470,"UEFA Champions League winner",,18/19,31,"Liverpool FC",
107589,105470,"English Champion",,24/25,31,"Liverpool FC",
107590,105470,"English Champion",,19/20,31,"Liverpool FC",
107591,105470,"Uefa Supercup winner",,19/20,31,"Liverpool FC",
107592,105470,"FIFA Club World Cup winner",,2020,31,"Liverpool FC",
107593,105470,"English FA Cup winner",,2022,31,"Liverpool FC",
107594,105470,"English League Cup winner",,2024,31,"Liverpool FC",
107595,105470,"English League Cup winner",,2022,31,"Liverpool FC",
107596,105470,"Campeão Gaúcho",,15/16,6600,"Sport Club Internacional",
107597,105470,"Campeão Gaúcho",,14/15,6600,"Sport Club Internacional",
107598,105470,"Campeão Gaúcho",,13/14,6600,"Sport Club Internacional",
107599,105470,"Campeão Gaúcho",,12/13,6600,"Sport Club Internacional",
107600,1054839,"Belgian champion",,25/26,2282,"Club Brugge KV",
107601,1054917,"Colombian Champion",,24/25,11648,"Independiente Santa Fe",
107602,1054917,"Colombian Champion",,23/24,6495,"Atlético Bucaramanga",
107603,1055055,"U20 Copa Libertadores winner",,22/23,15098,"CA Boca Juniors U20",
107604,1055055,"U20 Intercontinental Cup Winner",,22/23,15098,"CA Boca Juniors U20",
107605,1055055,"Argentinian champion",,2022,189,"CA Boca Juniors",
107606,1055220,"UEFA Champions League winner",,23/24,418,"Real Madrid",
107607,1055220,"Spanish champion",,23/24,418,"Real Madrid",
107608,1055220,"Uefa Supercup winner",,24/25,418,"Real Madrid",
107609,1055220,"FIFA Intercontinental Cup Winner",,24/25,418,"Real Madrid",
107610,1055220,"European Under-19 champion",,2024,12609,"Spain U19",
107611,105521,"Golden Boot winner (Europe)",,19/20,398,"SS Lazio",
107612,105521,"Top goal scorer",,21/22,,,"Serie A"
107613,105521,"Top goal scorer",,19/20,,,"Serie A"
107614,105521,"Top goal scorer",,17/18,,,"Serie A"
107615,105521,"Top goal scorer",,17/18,,,"UEFA Europa League"
107616,105521,"Top goal scorer",,13/14,,,"Serie A"
107617,105521,"Top goal scorer",,11/12,,,"Serie B"
107618,105521,"Top goal scorer",,09/10,,,"Viareggio Cup"
107619,105521,"Player of the Year",,19/20,,,"Serie A"
107620,105521,"Player of the Year",,11/12,,,"Serie B"
107621,105521,"TM-Player of the season",,2020,,,
107622,105521,"European champion",,2021,3376,Italy,
107623,105521,"Italian cup winner",,18/19,398,"SS Lazio",
107624,105521,"German Super Cup winner",,14/15,16,"Borussia Dortmund",
107625,105521,"Italian Super Cup winner",,19/20,398,"SS Lazio",
107626,105521,"Italian Super Cup winner",,17/18,398,"SS Lazio",
107627,105521,"Turkish Super Cup winner",,24/25,114,"Besiktas JK",
107628,105521,"Italienischer Zweitligameister",,11/12,2921,"Delfino Pescara 1936",
107629,105521,Viareggio,,09/10,11008,"Juventus Primavera",
107630,105521,Viareggio,,08/09,11008,"Juventus Primavera",
107631,1055235,"Dutch second tier champion",,2025,724,"FC Volendam",
107632,1056759,"MLS Next Pro Cup Champion",,24/25,39815,"New York Red Bulls II",
107633,1056759,"Costa Rican champion Invierno",,24/25,2677,"CS Herediano",
107634,1056759,"Costa Rican Super Cup winner",,24/25,2677,"CS Herediano",
107635,1056989,"Torneio Internacional Algarve U17",,2024,17662,"Germany U17",
107636,1056966,"Spanish 2nd tier champion",,25/26,630,"Racing Santander",
107637,1056993,"Footballer of the Year",,2024,1023,"Sociedade Esportiva Palmeiras",
107638,1056993,"TM-Player of the season",,2024,,,
107639,1056993,"Brazilian champion",,2023,1023,"Sociedade Esportiva Palmeiras",
107640,1056993,"Copa São Paulo de Juniores winner",,2023,14807,"SE Palmeiras São Paulo U20",
107641,1056993,"Campeão Paulista",,23/24,1023,"Sociedade Esportiva Palmeiras",
107642,1057316,"Campeón Supercopa Argentina",,22/23,209,"CA River Plate",
107643,1057820,"Swedish cup winner",,2025,1109,"BK Häcken",
107644,1057857,"Saudi Arabian champion",,22/23,8023,"Al-Ittihad Club",
107645,1057849,"Saudi Arabian champion",,22/23,8023,"Al-Ittihad Club",
107646,1057849,"Saudi Super Cup Winner",,22/23,8023,"Al-Ittihad Club",
107647,1057849,"AFC Champions League winner",,25/26,18487,"Al-Ahli SFC",
107648,1058359,"Top goal scorer",,24/25,,,"UEFA Under-17 Euro"
107649,1058359,"Premier League International Cup winner",,25/26,17,"Borussia Dortmund II",
107650,1058368,"Italian Super Cup winner",,24/25,5,"AC Milan",
107651,1058368,"European Under-17 champion",,2024,23133,"Italy U17",
107652,105845,"Colombian Champion",,24/25,11648,"Independiente Santa Fe",
107653,105845,"Colombian Champion",,22/23,11854,"Junior FC",
107654,105845,"Colombian Champion",,21/22,8172,"Atlético Nacional",
107655,105845,"Colombian Cup winner",,20/21,8172,"Atlético Nacional",
107656,105845,"Colombian Super Cup winner",,25/26,11648,"Independiente Santa Fe",
107657,105845,"Argentinian champion",,2012,1029,"CA Vélez Sarsfield",
107658,1058514,"Torneio Internacional Algarve U17",,2024,17662,"Germany U17",
107659,1058515,"Torneio Internacional Algarve U17",,2024,17662,"Germany U17",
107660,1058520,"Top goal scorer",,25/26,,,"UEFA Under-19 Euro"
107661,1058520,"Torneio Internacional Algarve U17",,2024,17662,"Germany U17",
107662,105888,"CONCACAF Champions League winner",,20/21,2407,"CF Monterrey",
107663,105888,"Copa Sudamericana winner",,12/13,333,"CA Lanús",
107664,105888,"Argentinian champion",,2020,189,"CA Boca Juniors",
107665,105888,"Argentinian Cup Winner",,19/20,189,"CA Boca Juniors",
107666,105888,"Winner Copa de la Liga Profesional",,19/20,189,"CA Boca Juniors",
107667,105888,"Campeón Supercopa Argentina",,18/19,189,"CA Boca Juniors",
107668,105888,"Campeón Supercopa Argentina",,16/17,333,"CA Lanús",
107669,105890,"Chilean champion",,2025,11004,"Coquimbo Unido",
107670,105890,"Chilean Super Cup Winner",,25/26,11004,"Coquimbo Unido",
107671,1059056,"Top goal scorer",,25/26,,,"AFC U23 Asian Cup"
107672,1059479,"Danish champion",,25/26,678,"Aarhus GF",
107673,1059483,"Danish Youth Champion",,2026,16104,"FC Copenhagen U19",
107674,1060087,"UEFA Youth League Winner",,23/24,41594,"Olympiacos Piraeus UEFA U19",
107675,1060087,"Greek champion",,2025,683,"Olympiacos Piraeus",
107676,1060087,"Greek cup winner",,2025,683,"Olympiacos Piraeus",
107677,1060087,"Greek U19 champion",,23/24,7661,"Olympiacos Piraeus U19",
107678,1060087,"Greek U19 champion",,22/23,7661,"Olympiacos Piraeus U19",
107679,1060087,"U21 Premier League champion",,25/26,39336,"Brighton & Hove Albion U21",
107680,1060279,"Colombian 2nd tier champion",,25/26,7136,"Envigado FC",
107681,106032,"Goalkeeper of the season",,20/21,,,"Campeonato Brasileiro Série A"
107682,106032,"Brazilian champion",,2021,330,"Clube Atlético Mineiro",
107683,106032,"Brazilian cup winner",,2021,330,"Clube Atlético Mineiro",
107684,106032,"Winner Supercopa do Brasil",,2022,330,"Clube Atlético Mineiro",
107685,106032,"Campeão Mineiro",,2025,330,"Clube Atlético Mineiro",
107686,106032,"Campeão Mineiro",,2024,330,"Clube Atlético Mineiro",
107687,106032,"Campeão Mineiro",,2023,330,"Clube Atlético Mineiro",
107688,106032,"Campeão Mineiro",,2022,330,"Clube Atlético Mineiro",
107689,106032,"Campeão Mineiro",,2021,330,"Clube Atlético Mineiro",
107690,1060740,"Paraguayan Champion Apertura",,2023,9875,"Club Libertad Asunción",
107691,1060740,"Paraguayan Champion Clausura",,2023,9875,"Club Libertad Asunción",
107692,1060899,"Saudi Arabian champion",,24/25,8023,"Al-Ittihad Club",
107693,1060899,"Saudi Cup Winner",,24/25,8023,"Al-Ittihad Club",
107694,1060983,"Schweizer U18-Cupsieger",,2023,5506,"Servette FC U18",
107695,1061025,"Saudi Super Cup Winner",,25/26,18487,"Al-Ahli SFC",
107696,1061025,"AFC Champions League winner",,25/26,18487,"Al-Ahli SFC",
107697,1061025,"AFC Champions League winner",,24/25,18487,"Al-Ahli SFC",
107698,1061038,"Swiss U19-Champion",,23/24,110149,"FC Basel 1893 U19",
107699,1061048,"Swiss U17-Champion",,22/23,32283,"BSC Young Boys U17",
107700,1061068,"Swiss cup winner",,25/26,257,"FC St. Gallen 1879",
107701,1061068,"Swiss U19 Cup winner",,24/25,110596,"FCO St. Gallen U19",
107702,1061282,"European Under-19 champion",,2024,12609,"Spain U19",
107703,1061820,"Italian Youth champion (U18)",,23/24,76092,"Genoa Under 18",
107704,106270,"Austrian champion",,10/11,122,"SK Sturm Graz",
107705,106270,"German second tier champion",,24/25,3,"1.FC Köln",
107706,106270,"German second tier champion",,18/19,3,"1.FC Köln",
107707,1063292,"Portuguese champion",,25/26,720,"FC Porto",
107708,1063329,"Europa League winner",,25/26,405,"Aston Villa",
107709,1063329,"Spanish 2nd tier champion",,24/25,3368,"Levante UD",
107710,1063333,"Spanish 2nd tier champion",,24/25,3368,"Levante UD",
107711,1063338,"Spanish 2nd tier champion",,24/25,3368,"Levante UD",
107712,1063598,"Spanish cup winner",,25/26,681,"Real Sociedad",
107713,1063811,"Campeonato Brasileiro Série B Champioen",,23/24,221,"Santos FC",
107714,1064191,"MLS Cup Champion",,24/25,69261,"Inter Miami CF",
107715,1064191,"Supporters' Shield Winner",,23/24,69261,"Inter Miami CF",
107716,1064191,"Leagues Cup Winner",,2023,69261,"Inter Miami CF",
107717,106437,"Norwegian champion",,2012,687,"Molde FK",
107718,106437,"Norwegian cup winner",,2013,687,"Molde FK",
107719,1065039,"CONCACAF Central American Cup Winner",,2025,6478,"LD Alajuelense",
107720,1065039,"CONCACAF Central American Cup Winner",,2023,6478,"LD Alajuelense",
107721,1065039,"Costa Rican champion Invierno",,25/26,6478,"LD Alajuelense",
107722,1065039,"Costa Rican cup winner",,23/24,6478,"LD Alajuelense",
107723,1065039,"Costa Rican Recopa Winner",,25/26,6478,"LD Alajuelense",
107724,1065043,"Swedish cup winner",,2025,1109,"BK Häcken",
107725,1065043,"Swedish cup winner",,2023,1109,"BK Häcken",
107726,1065143,"Belgian Second League Champion",,24/25,3508,"Zulte Waregem",
107727,1066142,"Czech champion",,24/25,62,"SK Slavia Prague",
107728,1065850,"Swiss cup winner",,25/26,257,"FC St. Gallen 1879",
107729,1065850,"Swiss U19 Cup winner",,24/25,110596,"FCO St. Gallen U19",
107730,1066795,"Ecuadorian champion",,2025,19309,"Independiente del Valle",
107731,1066795,"Campeón Supercopa Ecuador",,25/26,19309,"Independiente del Valle",
107732,1066953,"Gold Cup winner",,2025,6303,Mexico,
107733,1066953,"Dutch Cup winner",,25/26,1090,"AZ Alkmaar",
107734,1067259,"Canadian Cup Winner",,2024,6321,"Vancouver Whitecaps FC",
107735,1067605,"Mexican Clausura champion",,22/23,7055,"Tigres UANL",
107736,1067605,"Campeones Cup Winner",,22/23,7055,"Tigres UANL",
107737,1067822,"Campeón Copa Ecuador",,21/22,19309,"Independiente del Valle",
107738,1067822,"Campeón Supercopa Ecuador",,22/23,19309,"Independiente del Valle",
107739,1067659,"Torneio Internacional Algarve U17",,2024,17662,"Germany U17",
107740,1067927,"Finnish cup winner",,2025,1008,"HJK Helsinki",
107741,1068117,"Danish Youth Champion",,2026,16104,"FC Copenhagen U19",
107742,1068245,"Bulgarian cup winner",,23/24,2531,"Botev Plovdiv",
107743,1068257,"Polish U19-Champion",,24/25,14706,"Legia Warsaw U19",
107744,1068257,"Polish U19-Champion",,23/24,14706,"Legia Warsaw U19",
107745,1068963,"Swedish cup winner",,2026,2719,"Mjällby AIF",
107746,1069502,"Swedish champion",,2025,2719,"Mjällby AIF",
107747,1069512,"German Champion",,25/26,27,"Bayern Munich",
107748,1069512,"German Champion",,24/25,27,"Bayern Munich",
107749,1069512,"German Super Cup winner",,25/26,27,"Bayern Munich",
107750,1069801,"Supporters' Shield Winner",,24/25,25467,"Philadelphia Union",
107751,1069960,"AFC U20 Asian Cup Champion",,24/25,22976,"Australia U20",
107752,106987,"Footballer of the Year",,2017,23826,"RB Leipzig",
107753,106987,"Top goal scorer",,14/15,,,ÖFB-Cup
107754,106987,"German Champion",,22/23,27,"Bayern Munich",
107755,106987,"German Champion",,21/22,27,"Bayern Munich",
107756,106987,"German Super Cup winner",,22/23,27,"Bayern Munich",
107757,106987,"English League Cup winner",,2023,985,"Manchester United",
107758,106987,"Austrian champion",,14/15,409,"Red Bull Salzburg",
107759,106987,"Austrian cup winner",,14/15,409,"Red Bull Salzburg",
107760,106987,"Austrian Second League Champion",,10/11,503,"FC Admira Wacker Mödling",
107761,1070028,"Turkish cup winner",,25/26,449,Trabzonspor,
107762,1070028,"Türkischer U19 Meister",,24/25,41798,"Trabzonspor U19",
107763,1070028,"Türkischer U19 Meister",,23/24,41798,"Trabzonspor U19",
107764,1070369,"Campeón Supercopa Ecuador",,25/26,19309,"Independiente del Valle",
107765,1070645,"Portugese Under 23-Champion",,23/24,68403,"Estoril Praia U23",
107766,107010,"Player of the Year",,22/23,,,
107767,107010,"Player of the Year",,20/21,,,
107768,107010,"Player of the Year",,19/20,,,
107769,107010,"Player of the Year",,17/18,,,
107770,107010,"Player of the Year",,16/17,,,
107771,107010,"Player of the Year",,15/16,,,
107772,107010,"English Champion",,11/12,281,"Manchester City",
107773,107010,"Spanish champion",,20/21,13,"Atlético de Madrid",
107774,107010,"Uefa Supercup winner",,18/19,13,"Atlético de Madrid",
107775,107010,"Europa League winner",,17/18,13,"Atlético de Madrid",
107776,107010,"English Super Cup winner",,12/13,281,"Manchester City",
107777,107010,"Turkish cup winner",,25/26,449,Trabzonspor,
107778,107010,"Serbian champion",,10/11,669,"FK Partizan Belgrade",
107779,107010,"Serbian cup winner",,10/11,669,"FK Partizan Belgrade",
107780,107010,"Serbian Second League Champion",,08/09,9060,"FK BSK Borca",
107781,1070979,"German Under-17 Bundesliga champion",,24/25,21056,"Borussia Mönchengladbach U17",
107782,1070983,"Turkish champion",,25/26,141,Galatasaray,
107783,1070983,"German Under-17 Bundesliga champion",,24/25,21056,"Borussia Mönchengladbach U17",
107784,1071252,"Turkish cup winner",,23/24,114,"Besiktas JK",
107785,1071252,"Turkish Super Cup winner",,24/25,114,"Besiktas JK",
107786,1071331,"Colombian 2nd tier champion",,25/26,7136,"Envigado FC",
107787,1071596,"UEFA Champions League winner",,25/26,583,"Paris Saint-Germain",
107788,1071596,"Spanish champion",,25/26,131,"FC Barcelona",
107789,1071596,"French champion",,25/26,583,"Paris Saint-Germain",
107790,1071596,"Spanish Super Cup winner",,25/26,131,"FC Barcelona",
107791,1071596,"UEFA Youth League Winner",,24/25,41584,"FC Barcelona UEFA U19",
107792,1071651,"Polish cup winner",,25/26,428,"Górnik Zabrze",
107793,1072017,"Turkish cup winner",,25/26,449,Trabzonspor,
107794,1072017,"Portugese Under 23-Champion",,23/24,68403,"Estoril Praia U23",
107795,107205,"German Under-19 Bundesliga champion",,11/12,1463,"FC Schalke 04 U19",
107796,107205,"German third tier champion",,21/22,187,"1.FC Magdeburg",
107797,107205,"German Regionalliga West Champion",,17/18,95,"KFC Uerdingen 05",
107798,107205,"Middle Rhine Cup winner",,16/17,215,"Bonner SC",
107799,107205,"Middle Rhine Cup winner",,15/16,1622,"FC Viktoria Köln",
107800,107205,"Lower Rhine Cup winner",,18/19,95,"KFC Uerdingen 05",
107801,107205,"Saxony-Anhalt Cup winner",,21/22,187,"1.FC Magdeburg",
107802,1072157,"Copa São Paulo de Juniores winner",,2023,14807,"SE Palmeiras São Paulo U20",
107803,107219,"German second tier champion",,24/25,3,"1.FC Köln",
107804,1072260,"Turkish second tier champion",,22/23,152,Samsunspor,
107805,1072738,"Danish champion",,25/26,678,"Aarhus GF",
107806,1072751,"Danish Youth Champion",,2026,16104,"FC Copenhagen U19",
107807,1073022,"Finnish league cup winner",,2026,8042,"FC Inter Turku",
107808,1073022,"Finnish league cup winner",,2024,8042,"FC Inter Turku",
107809,1073295,"Scottish Second League Champion",,24/25,1191,"Falkirk FC",
107810,1073654,"Belgian champion",,25/26,2282,"Club Brugge KV",
107811,1073654,"Belgian cup winner",,2025,2282,"Club Brugge KV",
107812,107444,"Under-17 World Cup champion",,2011,23134,"Mexico U17",
107813,107444,"Mexican Clausura champion",,24/25,1804,"Deportivo Toluca",
107814,107444,"Mexican Champion Apertura",,15/16,7055,"Tigres UANL",
107815,107444,"Central American and Caribbean Games Winner",,13/14,45997,"Mexico U21",
107816,1074487,"Campeón Copa Ecuador",,25/26,17584,"CD Universidad Católica",
107817,1074487,"Campeón Copa Ecuador",,24/25,17584,"CD Universidad Católica",
107818,1074496,"Ecuadorian champion",,2024,9855,"LDU Quito",
107819,1074496,"Campeón Supercopa Ecuador",,24/25,9855,"LDU Quito",
107820,1074499,"Campeón Copa Ecuador",,24/25,17584,"CD Universidad Católica",
107821,1074501,"Recopa Sudamericana winner",,22/23,19309,"Independiente del Valle",
107822,1074501,"Ecuadorian champion",,2025,19309,"Independiente del Valle",
107823,1074523,"German Under-19 cup winner",,24/25,2491,"SV Werder Bremen U19",
107824,1074584,"Campeão Mineiro",,2026,609,"Cruzeiro Esporte Clube",
107825,1074584,"Recopa Sudamericana winner",,22/23,19309,"Independiente del Valle",
107826,1074584,"Campeón Supercopa Ecuador",,22/23,19309,"Independiente del Valle",
107827,1074628,"French 2nd tier champion",,24/25,1158,"FC Lorient",
107828,1074990,"German Under-17 Bundesliga champion",,23/24,21055,"Borussia Dortmund U17",
107829,1074990,"Premier League International Cup winner",,25/26,17,"Borussia Dortmund II",
107830,1075147,"Fritz Walter Silver medalist",,2025,27,"Bayern Munich",
107831,1075147,"Top goal scorer",,24/25,,,"U17 DFB-Nachwuchsliga - Vorrunde Gruppe F"
107832,1075147,"German Champion",,25/26,27,"Bayern Munich",
107833,1075147,"German cup winner",,25/26,27,"Bayern Munich",
107834,1075147,"German Super Cup winner",,25/26,27,"Bayern Munich",
107835,1075884,"Under-17 World Cup champion",,2025,23137,"Portugal U17",
107836,1075884,"European Under-17 champion",,2025,23137,"Portugal U17",
107837,107577,"Top goal scorer",,21/22,,,"UEFA Europa League Qualifying"
107838,107577,"Top goal scorer",,20/21,,,"Suomen Cup"
107839,107577,"Top goal scorer",,19/20,,,Veikkausliiga
107840,107577,"Top goal scorer",,16/17,,,Veikkausliiga
107841,107577,"Player of the Year",,19/20,,,Veikkausliiga
107842,107577,"Finnish champion",,2023,1008,"HJK Helsinki",
107843,107577,"Finnish champion",,2022,1008,"HJK Helsinki",
107844,107577,"Finnish champion",,2021,1008,"HJK Helsinki",
107845,107577,"Finnish champion",,2020,1008,"HJK Helsinki",
107846,107577,"Finnish champion",,2015,23777,"SJK Seinäjoki",
107847,107577,"Finnish cup winner",,2020,1008,"HJK Helsinki",
107848,107577,"Finnish cup winner",,2016,23777,"SJK Seinäjoki",
107849,107577,"Finnish cup winner",,2010,2275,"Turun Palloseura",
107850,107577,"Westphalia Cup winner",,16/17,127,"SC Paderborn 07",
107851,107612,"Israeli champion",,22/23,1064,"Maccabi Haifa",
107852,107612,"Israel Super Cup Winner",,23/24,1064,"Maccabi Haifa",
107853,107612,"Swedish champion",,2018,272,AIK,
107854,107662,"French 2nd tier champion",,21/22,415,"FC Toulouse",
107855,107662,"Danish champion",,21/22,190,"FC Copenhagen",
107856,107662,"Norwegian champion",,2019,687,"Molde FK",
107857,107662,"Norwegian champion",,2014,687,"Molde FK",
107858,107662,"Norwegian cup winner",,2025,353,"Lillestrøm SK",
107859,107662,"Norwegian cup winner",,2014,687,"Molde FK",
107860,1077175,"Italian Youth champion (U18)",,23/24,76092,"Genoa Under 18",
107861,1077670,"UEFA Champions League winner",,24/25,583,"Paris Saint-Germain",
107862,1077670,"French champion",,24/25,583,"Paris Saint-Germain",
107863,1077670,"French cup winner",,24/25,583,"Paris Saint-Germain",
107864,1077670,"French U19 champion",,24/25,6326,"Paris Saint-Germain U19",
107865,1077670,"French U19 champion",,23/24,6326,"Paris Saint-Germain U19",
107866,107775,"Danish Cup Winner",,17/18,206,"Bröndby IF",
107867,1078350,"Dutch Cup winner",,25/26,1090,"AZ Alkmaar",
107868,1078350,"European Under-19 champion",,2025,16341,"Netherlands U19",
107869,1079622,"Hessenliga Champion",,25/26,177,"Eintracht Frankfurt II",
107870,1079869,"Danish second tier Youth Champion",,2026,15713,"Viborg FF U19",
107871,1079869,"Danish second tier Youth Champion",,2024,15713,"Viborg FF U19",
107872,1079965,"Danish second tier Youth Champion",,2026,15713,"Viborg FF U19",
107873,1079965,"Danish second tier Youth Champion",,2024,15713,"Viborg FF U19",
107874,1082543,"Derby of the Americas Champion",,24/25,614,"CR Flamengo",
107875,1082543,"Challenger Cup Champion",,24/25,614,"CR Flamengo",
107876,1082543,"Brazilian champion",,2025,614,"CR Flamengo",
107877,1082543,"Brazilian cup winner",,2024,614,"CR Flamengo",
107878,1082543,"Copa Libertadores winner",,24/25,614,"CR Flamengo",
107879,1082543,"U20 Intercontinental Cup Winner",,23/24,15002,"CR Flamengo U20",
107880,1082543,"Campeão Carioca",,25/26,614,"CR Flamengo",
107881,1082543,"Campeão Carioca",,24/25,614,"CR Flamengo",
107882,1082581,"Copa São Paulo de Juniores winner",,2023,14807,"SE Palmeiras São Paulo U20",
107883,1082581,"Copa São Paulo de Juniores winner",,2022,14807,"SE Palmeiras São Paulo U20",
107884,1082582,"Greek Super Cup winner",,2026,683,"Olympiacos Piraeus",
107885,1082582,"Copa São Paulo de Juniores winner",,2023,14807,"SE Palmeiras São Paulo U20",
107886,1082602,"Top goal scorer",,23/24,,,"U20 Copa Libertadores"
107887,1082602,"Derby of the Americas Champion",,24/25,614,"CR Flamengo",
107888,1082602,"Challenger Cup Champion",,24/25,614,"CR Flamengo",
107889,1082602,"Brazilian champion",,2025,614,"CR Flamengo",
107890,1082602,"Winner Supercopa do Brasil",,2025,614,"CR Flamengo",
107891,1082602,"Copa Libertadores winner",,24/25,614,"CR Flamengo",
107892,1082602,"U20 Copa Libertadores winner",,23/24,15002,"CR Flamengo U20",
107893,1082602,"U20 Intercontinental Cup Winner",,23/24,15002,"CR Flamengo U20",
107894,1082602,"Campeão Carioca",,25/26,614,"CR Flamengo",
107895,1082602,"Campeão Carioca",,24/25,614,"CR Flamengo",
107896,1082602,"Campeão Carioca",,23/24,614,"CR Flamengo",
107897,1082625,"Copa São Paulo de Juniores winner",,2023,14807,"SE Palmeiras São Paulo U20",
107898,1082631,"Copa São Paulo de Juniores winner",,2023,14807,"SE Palmeiras São Paulo U20",
107899,1082631,"Campeão Paulista",,25/26,1023,"Sociedade Esportiva Palmeiras",
107900,1082700,"Brazilian cup winner",,2025,199,"Sport Club Corinthians Paulista",
107901,1082700,"Winner Supercopa do Brasil",,2026,199,"Sport Club Corinthians Paulista",
107902,1082700,"Copa São Paulo de Juniores winner",,2024,14876,"SC Corinthians U20",
107903,1082700,"Campeão Paulista",,24/25,199,"Sport Club Corinthians Paulista",
107904,1083095,"Campeão da Copa do Nordeste",,24/25,10010,"Esporte Clube Bahia",
107905,1083207,"Campeão Mineiro",,2026,609,"Cruzeiro Esporte Clube",
107906,1083245,"Campeão Mineiro",,2026,609,"Cruzeiro Esporte Clube",
107907,1083245,"Copa São Paulo de Juniores winner",,2026,16658,"Cruzeiro EC U20",
107908,1083247,"Campeão Mineiro",,2026,609,"Cruzeiro Esporte Clube",
107909,108354,"French champion",,09/10,244,"Olympique Marseille",
107910,108354,"French league cup winner",,11/12,244,"Olympique Marseille",
107911,108354,"French league cup winner",,10/11,244,"Olympique Marseille",
107912,108354,"French league cup winner",,09/10,244,"Olympique Marseille",
107913,108354,"French Super Cup winner",,11/12,244,"Olympique Marseille",
107914,108354,"French Super Cup winner",,10/11,244,"Olympique Marseille",
107915,1083600,"Campeão Gaúcho",,23/24,210,"Grêmio Foot-Ball Porto Alegrense",
107916,1083600,"Under-20 South American Championship winner",,2025,7658,"Brazil U20",
107917,1083600,"Campeão da Taça Rio",,25/26,537,"Botafogo de Futebol e Regatas",
107918,108390,"Goalkeeper of the season",,21/22,418,"Real Madrid",
107919,108390,"UEFA Champions League winner",,23/24,418,"Real Madrid",
107920,108390,"UEFA Champions League winner",,21/22,418,"Real Madrid",
107921,108390,"English Champion",,16/17,631,"Chelsea FC",
107922,108390,"English Champion",,14/15,631,"Chelsea FC",
107923,108390,"Spanish champion",,23/24,418,"Real Madrid",
107924,108390,"Spanish champion",,21/22,418,"Real Madrid",
107925,108390,"Spanish champion",,19/20,418,"Real Madrid",
107926,108390,"Spanish champion",,13/14,13,"Atlético de Madrid",
107927,108390,"Uefa Supercup winner",,24/25,418,"Real Madrid",
107928,108390,"Uefa Supercup winner",,22/23,418,"Real Madrid",
107929,108390,"Uefa Supercup winner",,12/13,13,"Atlético de Madrid",
107930,108390,"Europa League winner",,11/12,13,"Atlético de Madrid",
107931,108390,"FIFA Intercontinental Cup Winner",,24/25,418,"Real Madrid",
107932,108390,"FIFA Club World Cup winner",,2019,418,"Real Madrid",
107933,108390,"English FA Cup winner",,2018,631,"Chelsea FC",
107934,108390,"Spanish cup winner",,22/23,418,"Real Madrid",
107935,108390,"Spanish cup winner",,12/13,13,"Atlético de Madrid",
107936,108390,"Spanish Super Cup winner",,23/24,418,"Real Madrid",
107937,108390,"Spanish Super Cup winner",,21/22,418,"Real Madrid",
107938,108390,"Spanish Super Cup winner",,19/20,418,"Real Madrid",
107939,108390,"English League Cup winner",,2015,631,"Chelsea FC",
107940,108390,"Belgian champion",,10/11,1184,"KRC Genk",
107941,1084065,"Top goal scorer",,24/25,,,"Liga Revelação U23 - Championship round"
107942,1084065,"Portuguese cup winner",,2026,2432,"SC União Torreense",
107943,1084065,"Portugese Under 23-Champion",,24/25,109718,"SCU Torreense Sub-23",
107944,1084638,"German Under-19 cup winner",,24/25,2491,"SV Werder Bremen U19",
107945,1084638,"Torneio Internacional Algarve U17",,2024,17662,"Germany U17",
107946,1084667,"Copa Libertadores winner",,22/23,2462,"Fluminense Football Club",
107947,1084714,"Danish champion",,24/25,190,"FC Copenhagen",
107948,1084714,"Danish Cup Winner",,24/25,190,"FC Copenhagen",
107949,1084816,"Campeão Gaúcho",,23/24,210,"Grêmio Foot-Ball Porto Alegrense",
107950,1084816,"Campeão da Copa do Nordeste",,24/25,10010,"Esporte Clube Bahia",
107951,1084816,"Under-20 South American Championship winner",,2025,7658,"Brazil U20",
107952,1085296,"Scottish league cup winner",,25/26,465,"St. Mirren FC",
107953,1085546,"Top goal scorer",,24/25,,,"Central American Games"
107954,1085546,"Juegos Deportivos Centroamericanos: 3rd Place",,24/25,102975,"Guatemala U21",
107955,1086258,"Under-17 South American Championship winner",,2023,23130,"Brazil U17",
107956,1086258,"Campeonato Brasileiro Série B Champioen",,23/24,221,"Santos FC",
107957,1086375,"Campeão Gaúcho",,23/24,210,"Grêmio Foot-Ball Porto Alegrense",
107958,1086636,"Under-20 South American Championship winner",,2025,7658,"Brazil U20",
107959,1086862,"Mexican Campeón de Campeones",,22/23,7055,"Tigres UANL",
107960,1086862,"Mexican Clausura champion",,22/23,7055,"Tigres UANL",
107961,1086862,"Campeones Cup Winner",,22/23,7055,"Tigres UANL",
107962,1086869,"Mexican Clausura champion",,22/23,7055,"Tigres UANL",
107963,1086870,"Mexican Campeón de Campeones",,22/23,7055,"Tigres UANL",
107964,1086870,"Mexican Clausura champion",,22/23,7055,"Tigres UANL",
107965,1086870,"Campeones Cup Winner",,22/23,7055,"Tigres UANL",
107966,1087247,"CONCACAF Champions League winner",,22/23,4941,"Club León FC",
107967,1087253,"Derby of the Americas Champion",,24/25,4035,"CF Pachuca",
107968,1087253,"Challenger Cup Champion",,24/25,4035,"CF Pachuca",
107969,108725,"Footballer of the Year",,2021,1132,"Burnley FC",
107970,108725,"Footballer of the Year",,2020,,,
107971,108725,"Top goal scorer",,24/25,,,"World Cup qualification Oceania"
107972,108725,"Top goal scorer",,21/22,,,"World Cup qualification Oceania"
107973,108725,"Top goal scorer",,16/17,,,Championship
107974,108725,"Top goal scorer",,16/17,,,"World Cup qualification Oceania"
107975,108725,"OFC Nations Cup winner",,15/16,9171,"New Zealand",
107976,108725,"English 2nd tier champion",,13/14,1003,"Leicester City",
107977,108725,"English 3rd tier champion",,10/11,1237,"Brighton & Hove Albion",
107978,1087334,"Colombian Champion",,22/23,11854,"Junior FC",
107979,1088055,"Campeón Copa Ecuador",,23/24,1143,"CD El Nacional",
107980,1088110,"French cup winner",,25/26,826,"RC Lens",
107981,1088712,"Spanish 2nd tier champion",,25/26,630,"Racing Santander",
107982,108880,"Goalkeeper of the season",,24/25,26069,"Al-Qadsiah FC",
107983,108880,"German Super Cup winner",,15/16,82,"VfL Wolfsburg",
107984,108880,"Belgian champion",,10/11,1184,"KRC Genk",
107985,108880,"Belgian cup winner",,2009,1184,"KRC Genk",
107986,1089144,"Campeão Gaúcho",,24/25,6600,"Sport Club Internacional",
107987,1089204,"Canadian Cup Winner",,2023,6321,"Vancouver Whitecaps FC",
107988,1089609,"Copa Libertadores winner",,22/23,2462,"Fluminense Football Club",
107989,1089955,"Campeonato Brasileiro Série B Champioen",,23/24,221,"Santos FC",
107990,1090819,"Campeonato Brasileiro Série B Champioen",,24/25,776,"Coritiba Foot Ball Club",
107991,1091608,"Campeão Mineiro",,2026,609,"Cruzeiro Esporte Clube",
107992,1091608,"Copa São Paulo de Juniores winner",,2026,16658,"Cruzeiro EC U20",
107993,1091863,"Mexican Clausura champion",,24/25,1804,"Deportivo Toluca",
107994,109217,"Turkish champion",,21/22,449,Trabzonspor,
107995,109217,"Turkish champion",,19/20,6890,"Basaksehir FK",
107996,109217,"Turkish cup winner",,25/26,449,Trabzonspor,
107997,109217,"Turkish Super Cup winner",,22/23,449,Trabzonspor,
107998,109217,"Turkish second tier champion",,13/14,6890,"Istanbul Büyüksehir Belediyespor",
107999,109217,"Bosnian-Herzegovinian champion",,09/10,2573,"FK Zeljeznicar Sarajevo",
108000,109217,"Bosnian-Herzegovinian cup winner",,10/11,2573,"FK Zeljeznicar Sarajevo",
108001,1092623,"Under-20 South American Championship winner",,2025,7658,"Brazil U20",
108002,1092873,"Saudi Arabian champion",,24/25,8023,"Al-Ittihad Club",
108003,1092873,"Saudi Cup Winner",,24/25,8023,"Al-Ittihad Club",
108004,1092873,"Saudi Cup Winner",,22/23,1114,"Al-Hilal SFC",
108005,1092964,"Under-17 World Cup champion",,2025,23137,"Portugal U17",
108006,1092964,"European Under-17 champion",,2025,23137,"Portugal U17",
108007,1092964,"Torneio Internacional Algarve U17",,2025,23137,"Portugal U17",
108008,1093277,"Leagues Cup Winner",,2024,813,"Columbus Crew",
108009,1093863,"Copa São Paulo de Juniores winner",,2023,14807,"SE Palmeiras São Paulo U20",
108010,1093863,"Campeão Paulista",,25/26,1023,"Sociedade Esportiva Palmeiras",
108011,1093864,"Copa São Paulo de Juniores winner",,2023,14807,"SE Palmeiras São Paulo U20",
108012,1093951,"Campeão da Copa do Nordeste",,25/26,2125,"Esporte Clube Vitória",
108013,1094383,"Derby of the Americas Champion",,24/25,4035,"CF Pachuca",
108014,1094383,"Challenger Cup Champion",,24/25,4035,"CF Pachuca",
108015,1094384,"Derby of the Americas Champion",,24/25,4035,"CF Pachuca",
108016,1094384,"Challenger Cup Champion",,24/25,4035,"CF Pachuca",
108017,1094530,"Campeão Gaúcho",,24/25,6600,"Sport Club Internacional",
108018,1094501,"Copa São Paulo de Juniores winner",,2025,14708,"São Paulo FC U20",
108019,1094582,Viareggio,,23/24,86262,"Remo Stars FC Youth Academy",
108020,1095107,"Dutch champion",,25/26,383,"PSV Eindhoven",
108021,109529,"Finnish cup winner",,2019,3189,"Ilves Tampere",
108022,1096186,"MLS Cup Champion",,24/25,69261,"Inter Miami CF",