id,player_id,transfer_id,season,date,club_from_id,club_from_name,club_to_id,club_to_name,market_value,fee,upcoming
214629,192080,1001017,13/14,31/05/2014,1252,"York City",358,Charlton,,,f
214630,192080,1001016,13/14,16/01/2014,358,Charlton,1252,"York City",,,f
214631,192080,978460,13/14,28/11/2013,1252,"York City",358,Charlton,,,f
214632,192080,978459,13/14,22/11/2013,358,Charlton,1252,"York City",,,f
214633,192080,961954,13/14,26/10/2013,3717,Aldershot,358,Charlton,,,f
214634,192080,961953,13/14,26/09/2013,358,Charlton,3717,Aldershot,,,f
214635,192080,848592,12/13,07/04/2013,986,"Cambridge Utd.",358,Charlton,,,f
214636,192080,848591,12/13,07/03/2013,358,Charlton,986,"Cambridge Utd.",,,f
214637,192080,849568,11/12,19/01/2012,7454,"Welling Utd.",358,Charlton,,,f
214638,192080,849567,11/12,22/12/2011,358,Charlton,7454,"Welling Utd.",,,f
214639,192080,849566,11/12,15/10/2011,11438,"Harrow Borough",358,Charlton,,,f
214640,192080,849565,11/12,10/08/2011,358,Charlton,11438,"Harrow Borough",,,f
214641,192080,601510,11/12,01/07/2011,10737,"Bury Town",358,Charlton,,,f
214642,192080,3188364,08/09,01/07/2008,10006,"Ipswich U18",10737,"Bury Town",,,f
214643,192166,3884358,22/23,01/07/2022,938,"FC Thun",434,"FC Luzern",400000,,f
214644,192166,3396632,21/22,01/07/2021,163,"FC Vaduz",938,"FC Thun",450000,,f
214645,192166,2508039,19/20,01/07/2019,541,"A. Lustenau",163,"FC Vaduz",250000,,f
214646,192166,1775852,17/18,01/07/2017,245,"SC Freiburg II",541,"A. Lustenau",,,f
214647,192166,1243453,15/16,01/07/2015,4042,"SC Freiburg U19",245,"SC Freiburg II",75000,,f
214648,192166,907437,13/14,01/07/2013,21075,"SC Freiburg U17",4042,"SC Freiburg U19",,,f
214649,192166,601795,11/12,01/07/2011,18042,"Freiburg Yth.",21075,"SC Freiburg U17",,,f
214650,192169,2487744,19/20,01/07/2019,60,Freiburg,2036,Heidenheim,750000,500000,f
214651,192169,2137907,18/19,30/06/2019,109,"J. Regensburg",60,Freiburg,750000,,f
214652,192169,2137902,18/19,01/07/2018,60,Freiburg,109,"J. Regensburg",350000,,f
214653,192169,1797685,17/18,30/06/2018,48,"Karlsruher SC",60,Freiburg,350000,,f
214654,192169,1796082,17/18,01/07/2017,60,Freiburg,48,"Karlsruher SC",300000,,f
214655,192169,1261288,15/16,01/07/2015,245,"SC Freiburg II",60,Freiburg,150000,,f
214656,192169,1200224,14/15,01/07/2014,4042,"SC Freiburg U19",245,"SC Freiburg II",,,f
214657,192169,907431,13/14,01/07/2013,21075,"SC Freiburg U17",4042,"SC Freiburg U19",,,f
214658,192169,601789,11/12,01/07/2011,18042,"Freiburg Yth.",21075,"SC Freiburg U17",,,f
214659,192169,2314673,09/10,01/07/2009,45449,"PSV Freib. Yth.",18042,"Freiburg Yth.",,,f
214660,192279,5741708,25/26,01/07/2025,631,Chelsea,11,Arsenal,10000000,5800000,f
214661,192279,5233430,24/25,30/06/2025,989,Bournemouth,631,Chelsea,10000000,,f
214662,192279,5233429,24/25,29/08/2024,631,Chelsea,989,Bournemouth,12000000,,f
214663,192279,4582540,23/24,30/06/2024,418,"Real Madrid",631,Chelsea,12000000,,f
214664,192279,4582539,23/24,14/08/2023,631,Chelsea,418,"Real Madrid",18000000,,f
214665,192279,2216578,18/19,08/08/2018,621,"Athletic Club",631,Chelsea,20000000,80000000,f
214666,192279,1280994,15/16,30/06/2016,366,"Real Valladolid",621,"Athletic Club",1500000,,f
214667,192279,1280993,15/16,20/07/2015,621,"Athletic Club",366,"Real Valladolid",1000000,,f
214668,192279,1167881,14/15,30/06/2015,4032,Ponferradina,621,"Athletic Club",1000000,,f
214669,192279,1167880,14/15,05/01/2015,621,"Athletic Club",4032,Ponferradina,1000000,,f
214670,192279,1089019,14/15,01/07/2014,6688,"Bilbao Athletic",621,"Athletic Club",500000,,f
214671,192279,843166,12/13,31/01/2013,6665,"CD Basconia",6688,"Bilbao Athletic",500000,,f
214672,192279,697168,11/12,01/01/2012,28860,"Bilbao U19",6665,"CD Basconia",,,f
214673,192279,4330272,10/11,01/01/2011,107198,"Bilbao U18",28860,"Bilbao U19",,,f
214674,192279,4330273,10/11,01/07/2010,14733,"Bilbao Youth",107198,"Bilbao U18",,,f
214675,192492,4461707,23/24,01/07/2023,10004,"Paris FC",1420,"Angers SCO",900000,,f
214676,192492,4045834,22/23,30/08/2022,452,"Young Boys",10004,"Paris FC",1000000,,f
214677,192492,2975469,20/21,13/08/2020,1416,"Amiens SC",452,"Young Boys",1600000,1000000,f
214678,192492,2787130,19/20,12/08/2020,452,"Young Boys",1416,"Amiens SC",1600000,,f
214679,192492,2787129,19/20,04/02/2020,1416,"Amiens SC",452,"Young Boys",2000000,,f
214680,192492,1808011,17/18,30/06/2018,7124,"Quevilly Rouen",1416,"Amiens SC",700000,,f
214681,192492,1808010,17/18,01/07/2017,1416,"Amiens SC",7124,"Quevilly Rouen",700000,,f
214682,192492,926352,13/14,01/07/2013,16671,"Amiens SC B",1416,"Amiens SC",,,f
214683,192492,608209,11/12,01/07/2011,7968,"R. Strasbourg B",16671,"Amiens SC B",,,f
214684,192492,6287500,10/11,01/01/2011,11199,"Strasbourg U19",7968,"R. Strasbourg B",,,f
214685,192492,6287501,10/11,01/07/2010,109465,"Montferrand U17",11199,"Strasbourg U19",,,f
214686,192557,3417705,21/22,05/07/2021,903,"Hibernian FC",35,"St. Pauli",2000000,,f
214687,192557,3202329,20/21,12/01/2021,515,"Without Club",903,"Hibernian FC",2500000,,f
214688,192557,2986430,20/21,01/07/2020,3008,"Hull City",515,"Without Club",2800000,,f
214689,192557,1898361,17/18,30/08/2017,2963,"Burton Albion",3008,"Hull City",1000000,2150000,f
214690,192557,1539088,16/17,15/07/2016,2759,"Ross County",2963,"Burton Albion",325000,358000,f
214691,192557,1302850,15/16,28/07/2015,371,Celtic,2759,"Ross County",175000,,f
214692,192557,1123534,14/15,31/05/2015,2759,"Ross County",371,Celtic,175000,,f
214693,192557,1123236,14/15,01/09/2014,371,Celtic,2759,"Ross County",150000,,f
214694,192557,931897,13/14,31/05/2014,2553,"Kilmarnock FC",371,Celtic,150000,,f
214695,192557,931896,13/14,15/08/2013,371,Celtic,2553,"Kilmarnock FC",,,f
214696,192557,918348,13/14,01/07/2013,8924,"Celtic U20",371,Celtic,,,f
214697,192557,932234,09/10,01/01/2010,19339,"Frankston Pines",8924,"Celtic U20",,,f
214698,192565,5700518,25/26,01/07/2025,27,"Bayern Munich",141,Galatasaray,32000000,,f
214699,192565,2954050,20/21,15/07/2020,281,"Man City",27,"Bayern Munich",80000000,49000000,f
214700,192565,1556750,16/17,02/08/2016,33,"FC Schalke 04",281,"Man City",30000000,52000000,f
214701,192565,1039866,15/16,01/07/2015,1463,"Schalke 04 U19",33,"FC Schalke 04",4000000,,f
214702,192565,859338,13/14,01/07/2013,21061,"Schalke 04 U17",1463,"Schalke 04 U19",,,f
214703,192565,629040,11/12,01/07/2011,11874,"Leverkusen Yth.",21061,"Schalke 04 U17",,,f
214704,192565,1270202,08/09,01/07/2008,11884,"Schalke 04 Yth.",11874,"Leverkusen Yth.",,,f
214705,192565,1270203,05/06,01/07/2005,24418,"Wattensch. Yth.",11884,"Schalke 04 Yth.",,,f
214706,192616,6162497,25/26,30/06/2026,6574,Sassuolo,244,Marseille,3000000,,f
214707,192616,6162496,25/26,02/02/2026,244,Marseille,6574,Sassuolo,3000000,,f
214708,192616,4826268,23/24,16/01/2024,452,"Young Boys",244,Marseille,3000000,4000000,f
214709,192616,2138330,18/19,01/07/2018,86,"Werder Bremen",452,"Young Boys",400000,800000,f
214710,192616,1992337,17/18,30/06/2018,4,"1.FC Nuremberg",86,"Werder Bremen",400000,,f
214711,192616,1992336,17/18,05/01/2018,86,"Werder Bremen",4,"1.FC Nuremberg",500000,,f
214712,192616,1249659,15/16,01/07/2015,504,Grasshoppers,86,"Werder Bremen",150000,600000,f
214713,192616,1077913,14/15,01/07/2014,5502,"GC Zürich U21",504,Grasshoppers,50000,,f
214714,192616,848210,12/13,01/01/2013,14543,"GC Zürich U18",5502,"GC Zürich U21",,,f
214715,192616,826712,11/12,01/01/2012,32339,"GC Zürich U16",14543,"GC Zürich U18",,,f
214716,192616,645537,11/12,30/09/2011,14179,"Servette M-17",32339,"GC Zürich U16",,,f
214717,192637,4459033,23/24,01/07/2023,321,"FC Sion",2790,"FC Lugano",800000,,f
214718,192637,2484635,19/20,01/07/2019,79,Stuttgart,321,"FC Sion",2250000,890000,f
214719,192637,1999232,18/19,30/06/2019,321,"FC Sion",79,Stuttgart,2250000,,f
214720,192637,1999231,17/18,11/01/2018,79,Stuttgart,321,"FC Sion",1500000,,f
214721,192637,1534005,16/17,13/07/2016,260,"FC Zürich",79,Stuttgart,2000000,2000000,f
214722,192637,1254452,15/16,01/07/2015,5501,"FC Zürich U21",260,"FC Zürich",300000,,f
214723,192637,923593,13/14,01/07/2013,14537,"FC Zürich U18",5501,"FC Zürich U21",,,f
214724,192637,779987,12/13,01/07/2012,32338,"FC Zürich U16",14537,"FC Zürich U18",,,f
214725,192635,1266918,15/16,01/07/2015,260,"FC Zürich",18,Mönchengladbach,4000000,4000000,f
214726,192635,994527,13/14,01/01/2014,5501,"FC Zürich U21",260,"FC Zürich",,,f
214727,192635,923583,13/14,01/07/2013,14537,"FC Zürich U18",5501,"FC Zürich U21",,,f
214728,192635,789720,12/13,01/07/2012,32338,"FC Zürich U16",33982,"FC Zürich U17",,,f
214729,192735,2759257,19/20,15/01/2020,940,"Celta de Vigo",6195,Napoli,20000000,24000000,f
214730,192735,1837632,17/18,15/07/2017,2778,Nordsjaelland,940,"Celta de Vigo",1000000,5000000,f
214731,192735,1328337,15/16,25/08/2015,7918,"AS Trencin",2778,Nordsjaelland,600000,500000,f
214732,192735,899406,13/14,30/06/2014,8817,"Ajax U21",7918,"AS Trencin",300000,,f
214733,192735,899405,13/14,01/07/2013,7918,"AS Trencin",8817,"Ajax U21",200000,,f
214734,192735,692367,11/12,01/07/2011,16181,"Trencin U19",7918,"AS Trencin",,,f
214735,192840,5751699,25/26,04/07/2025,2,"1.FC K'lautern",64,"SV Elversberg",600000,,f
214736,192840,5148069,24/25,26/07/2024,4,"1.FC Nuremberg",2,"1.FC K'lautern",700000,400000,f
214737,192840,3880575,22/23,01/07/2022,41,Hamburg,4,"1.FC Nuremberg",800000,,f
214738,192840,2404561,19/20,01/07/2019,80,"VfL Bochum",41,Hamburg,1500000,,f
214739,192840,839257,13/14,01/07/2013,3862,"VfL Bochum U19",80,"VfL Bochum",100000,,f
214740,192840,703267,12/13,01/07/2012,21085,"VfL Bochum U17",3862,"VfL Bochum U19",,,f
214741,192840,790354,10/11,01/01/2011,21053,"Bielefeld U17",21085,"VfL Bochum U17",,,f
214742,192840,4073836,10/11,01/07/2010,11954,"Bielefeld Yth.",21053,"Bielefeld U17",,,f
214743,192840,3881448,09/10,01/07/2009,99965,"Stadthagen Jgd.",11954,"Bielefeld Yth.",,,f
279664,712880,3701929,19/20,01/09/2019,19996,"Sogndal IL Yth.",35025,"Sogndal IL II",,,f
214744,192765,1093143,14/15,23/07/2014,2288,Swansea,148,Tottenham,5500000,12650000,f
214745,192765,779514,12/13,01/07/2012,33616,"Swansea U21",2288,Swansea,,,f
214746,192765,703644,11/12,01/07/2011,14626,"Swansea U18",33616,"Swansea U21",,,f
214747,192765,2281704,09/10,01/07/2009,53127,"Swansea Yth.",14626,"Swansea U18",,,f
214748,192765,2281705,04/05,01/07/2004,20475,"Viborg FF Youth",53127,"Swansea Yth.",,,f
214749,192765,2281706,01/02,01/07/2001,53127,"Swansea Yth.",20475,"Viborg FF Youth",,,f
214750,192968,5698132,25/26,04/07/2025,6912,Vizela,321,"FC Sion",50000,,f
214751,192968,4461600,23/24,01/07/2023,1277,"FC Schaffhausen",6912,Vizela,300000,,f
214752,192968,3446148,21/22,17/07/2021,515,"Without Club",1277,"FC Schaffhausen",100000,,f
214753,192968,3303765,20/21,15/02/2021,27122,"S. Simitli",515,"Without Club",100000,,f
214754,192968,3220309,20/21,29/01/2021,521,"Pirin ",27122,"S. Simitli",100000,,f
214755,192968,2820450,19/20,04/03/2020,515,"Without Club",521,"Pirin ",200000,,f
214756,192968,2465831,19/20,01/07/2019,938,"FC Thun",515,"Without Club",200000,,f
214757,192968,906044,13/14,01/07/2013,10400,"FC Thun U21",938,"FC Thun",,,f
214758,192968,762003,12/13,01/07/2012,13530,"FC Bern",10400,"FC Thun U21",,,f
214759,192968,697369,11/12,01/02/2012,5508,"BSC YB U21",13530,"FC Bern",,,f
214760,192968,646662,11/12,01/07/2011,14438,"BSC YB U18",5508,"BSC YB U21",,,f
214761,192968,4619089,10/11,01/07/2010,69001,"Lecce U17",14438,"BSC YB U18",,,f
214762,192968,4619090,09/10,01/07/2009,29356,"Lecce Giovanili",69001,"Lecce U17",,,f
214763,193004,5103053,24/25,08/07/2024,79,Stuttgart,16,Dortmund,20000000,22500000,f
214764,193004,2990248,20/21,28/07/2020,42,"Hannover 96",79,Stuttgart,5500000,4000000,f
214765,193004,1245276,15/16,01/07/2015,2663,"Hannover 96 U19",42,"Hannover 96",100000,,f
214766,193004,922673,13/14,01/07/2013,21064,"Hannover 96 U17",2663,"Hannover 96 U19",,,f
214767,193004,620145,11/12,01/07/2011,17295,"Hannover Yth.",21064,"Hannover 96 U17",,,f
214768,193004,2300029,08/09,01/07/2008,70240,"Mühlenberg Yth.",17295,"Hannover Yth.",,,f
214769,193025,6392406,26/27,01/07/2026,38,"F. Düsseldorf",515,"Without Club",400000,,f
214770,193025,5484964,24/25,28/01/2025,41,Hamburg,38,"F. Düsseldorf",500000,,f
214771,193025,3065080,20/21,17/09/2020,81,"VfL Osnabrück",41,Hamburg,800000,650000,f
214772,193025,2480728,19/20,01/07/2019,440,"Hallescher FC",81,"VfL Osnabrück",400000,,f
214773,193025,2112349,18/19,01/07/2018,668,"SF Lotte",440,"Hallescher FC",300000,,f
214774,193025,1061697,14/15,01/07/2014,4270,"Osnabrück U19",668,"SF Lotte",,,f
214775,193025,751861,12/13,01/07/2012,21086,"Osnabrück U17",4270,"Osnabrück U19",,,f
214776,193025,620202,11/12,01/07/2011,23889,"Osnabrück Yth.",21086,"Osnabrück U17",,,f
214777,193025,3600541,08/09,01/07/2008,94056,"Wallenh. Jgd.",23889,"Osnabrück Yth.",,,f
214778,193025,3600540,05/06,01/07/2005,69431,"Bramsche Yth.",94056,"Wallenh. Jgd.",,,f
214779,193033,5067563,24/25,01/07/2024,2036,Heidenheim,18,Mönchengladbach,6000000,7000000,f
214780,193033,3401404,21/22,01/07/2021,157,"KAA Gent",2036,Heidenheim,3000000,3500000,f
214781,193033,3227938,20/21,30/06/2021,2036,Heidenheim,157,"KAA Gent",3000000,,f
214782,193033,3227939,20/21,30/01/2021,157,"KAA Gent",2036,Heidenheim,2300000,,f
214783,193033,2992699,20/21,30/07/2020,2036,Heidenheim,157,"KAA Gent",2200000,3500000,f
214784,193033,2631193,19/20,02/09/2019,60,Freiburg,2036,Heidenheim,1500000,3000000,f
214785,193033,1511799,16/17,30/06/2017,2036,Heidenheim,60,Freiburg,800000,,f
214786,193033,1511798,16/17,01/07/2016,60,Freiburg,2036,Heidenheim,500000,,f
214787,193033,1247178,15/16,01/07/2015,25,"Energie Cottbus",60,Freiburg,650000,250000,f
214788,193033,880374,14/15,01/07/2014,2492,"E. Cottbus U19",25,"Energie Cottbus",150000,,f
214789,193033,754105,12/13,01/07/2012,21059,"E. Cottbus U17",2492,"E. Cottbus U19",,,f
214790,193033,1162536,10/11,01/07/2010,17958,"E. Cottbus Yth.",21059,"E. Cottbus U17",,,f
214791,193033,1247234,08/09,01/07/2008,48983,"Jüterbog Yth.",17958,"E. Cottbus Yth.",,,f
214792,193073,6340334,26/27,01/07/2026,4542,"CyD Leonesa",11596,"AD Alcorcón",200000,,f
214793,193073,4511448,23/24,17/07/2023,11259,"CD Alcoyano",4542,"CyD Leonesa",200000,,f
214794,193073,3931135,22/23,09/07/2022,11245,"UD Sanse",11259,"CD Alcoyano",200000,,f
214795,193073,3375743,21/22,01/07/2021,10718,"FC Andorra",11245,"UD Sanse",100000,,f
214796,193073,2597921,19/20,09/08/2019,11259,"CD Alcoyano",10718,"FC Andorra",250000,,f
214797,193073,1560550,16/17,08/08/2016,11972,"Villarreal CF B",11259,"CD Alcoyano",50000,,f
214798,193073,1067422,14/15,01/07/2014,2464,"Barcelona B",11972,"Villarreal CF B",200000,,f
214799,193073,732992,12/13,01/07/2012,2470,"Barça U19",2464,"Barcelona B",,,f
214800,193073,703184,11/12,01/07/2011,21349,"Elche CF Youth",2470,"Barça U19",,,f
214801,193081,3470970,21/22,31/07/2021,4294,Farense,6321,Vancouver,5000000,350000,f
214802,193081,2558436,19/20,15/07/2019,336,Sporting,4294,Farense,600000,,f
214803,193081,2365755,18/19,30/06/2019,903,"Hibernian FC",336,Sporting,600000,,f
214804,193081,2365754,18/19,11/01/2019,336,Sporting,903,"Hibernian FC",600000,,f
214805,193081,2248545,18/19,01/01/2019,4294,Farense,336,Sporting,600000,,f
214806,193081,2248544,18/19,31/08/2018,336,Sporting,4294,Farense,600000,,f
214807,193081,2248543,18/19,01/07/2018,10949,"Sporting B",336,Sporting,600000,,f
214808,193081,1851598,17/18,30/06/2018,3336,"Desportivo Aves",10949,"Sporting B",600000,,f
214809,193081,1851597,17/18,24/07/2017,10949,"Sporting B",3336,"Desportivo Aves",750000,,f
214810,193081,1544406,16/17,31/01/2017,1085,"Vitória Setúbal",10949,"Sporting B",1500000,,f
214811,193081,1544405,16/17,20/07/2016,10949,"Sporting B",1085,"Vitória Setúbal",1500000,,f
214812,193081,1077336,14/15,01/07/2014,1519,"Dundee United",10949,"Sporting B",1000000,2750000,f
214813,193081,865796,12/13,01/04/2013,9044,"Dundee Utd U20",1519,"Dundee United",,,f
214814,193081,687618,11/12,01/07/2011,31026,"Dundee Utd U17",9044,"Dundee Utd U20",,,f
214815,193082,6390311,26/27,01/07/2026,15,Leverkusen,13,Atlético,20000000,22000000,f
214816,193082,4399343,23/24,01/07/2023,294,Benfica,15,Leverkusen,25000000,,f
214817,193082,1389385,15/16,01/01/2016,2464,"Barcelona B",294,Benfica,2000000,2100000,f
214818,193082,732993,12/13,01/07/2012,2470,"Barça U19",2464,"Barcelona B",100000,,f
214819,193082,631907,11/12,01/07/2011,14321,"Barça U16",2470,"Barça U19",,,f
214820,193082,4870368,09/10,01/07/2009,70295,"Barça Youth",14321,"Barça U16",,,f
214821,193082,631906,08/09,01/07/2008,16200,"Valencia CF You",70295,"Barça Youth",,,f
214822,193098,5886261,25/26,22/08/2025,405,"Aston Villa",12321,Girona,7000000,,f
214823,193098,5214610,24/25,30/06/2025,703,"Nott'm Forest",405,"Aston Villa",7000000,,f
214824,193098,5214609,24/25,21/08/2024,405,"Aston Villa",703,"Nott'm Forest",13000000,,f
214825,193098,4217332,22/23,11/01/2023,150,"Real Betis",405,"Aston Villa",20000000,13500000,f
214826,193098,2616236,19/20,21/08/2019,367,"Rayo Vallecano",150,"Real Betis",12000000,9700000,f
214827,193098,1317965,15/16,30/06/2016,1531,"Elche CF",367,"Rayo Vallecano",800000,,f
214828,193098,1317964,15/16,13/08/2015,367,"Rayo Vallecano",1531,"Elche CF",800000,,f
214829,193098,1086842,14/15,15/07/2014,237,"RCD Mallorca",367,"Rayo Vallecano",800000,,f
214830,193098,900460,13/14,04/07/2013,26132,"UE Llagostera",237,"RCD Mallorca",,,f
214831,193098,752778,12/13,01/07/2012,2470,"Barça U19",26132,"UE Llagostera",,,f
214832,193098,2811608,11/12,01/07/2011,30969,"FC Vilafranca",2470,"Barça U19",,,f
214833,193116,2216344,18/19,08/08/2018,903,"Hibernian FC",405,"Aston Villa",1750000,3100000,f
214834,193116,1283858,15/16,31/07/2015,465,"St. Mirren",903,"Hibernian FC",450000,1160000,f
214835,193116,805733,12/13,01/11/2012,10517,"St. Mirren FC U20",465,"St. Mirren",,,f
214836,193116,992061,11/12,01/07/2011,31036,"St. Mirren FC U17",10517,"St. Mirren FC U20",,,f
214837,193150,6182863,25/26,11/02/2026,515,"Without Club",32328,Al-Najma,100000,,f
214838,193150,5900747,25/26,01/07/2025,18544,Al-Nassr,515,"Without Club",125000,,f
214839,193150,3477076,21/22,03/08/2021,18487,Al-Ahli,18544,Al-Nassr,125000,,f
214840,193150,1115026,12/13,01/07/2012,39495,"Al-Ahli U23",18487,Al-Ahli,,,f
214841,193150,6205918,11/12,01/07/2011,112805,"Al-Ahli U19",39495,"Al-Ahli U23",,,f
214842,193150,6205917,09/10,31/05/2009,130506,"Al-Taraji Youth",112805,"Al-Ahli U19",,,f
214843,193151,5924212,25/26,06/09/2025,17209,Al-Wehda,6070,Al-Khaleej,200000,,f
214844,193151,3508760,21/22,30/06/2022,8023,Al-Ittihad,17209,Al-Wehda,75000,,f
214845,193151,3508759,21/22,19/08/2021,17209,Al-Wehda,8023,Al-Ittihad,150000,,f
214846,193151,3105418,20/21,23/10/2020,1114,Al-Hilal,17209,Al-Wehda,300000,,f
214847,193151,2392734,18/19,30/06/2019,7732,Al-Ettifaq,1114,Al-Hilal,350000,,f
214848,193151,2392733,18/19,01/02/2019,1114,Al-Hilal,7732,Al-Ettifaq,350000,,f
214849,193151,1394051,15/16,30/06/2016,32343,Hajer,1114,Al-Hilal,100000,,f
214850,193151,1394050,15/16,20/12/2015,1114,Al-Hilal,32343,Hajer,100000,,f
214851,193151,913861,13/14,01/07/2013,2995,"Paços Ferreira",1114,Al-Hilal,300000,,f
214852,193151,752876,12/13,18/07/2012,2639,Leiria,2995,"Paços Ferreira",300000,,f
214853,193151,657164,11/12,01/01/2012,7732,Al-Ettifaq,2639,Leiria,,,f
214854,193159,4319761,23/24,01/07/2023,1114,Al-Hilal,18487,Al-Ahli,300000,,f
214855,193159,848619,12/13,11/02/2013,3352,Louletano,1114,Al-Hilal,,,f
214856,193159,4646479,12/13,29/08/2012,9840,Al-Shabab,3352,Louletano,,,f
214857,193159,4646478,11/12,01/07/2011,39502,"Al-Shabab U23",9840,Al-Shabab,,,f
214858,193256,6334670,26/27,01/07/2026,9010,"FCV Dender EH",515,"Without Club",600000,,f
214859,193256,6116437,25/26,13/01/2026,273,"Stade Rennais",9010,"FCV Dender EH",600000,,f
214860,193256,4481365,23/24,05/07/2023,1095,Troyes,273,"Stade Rennais",2000000,,f
214861,193256,2379174,19/20,01/07/2019,10868,"US Orléans",1095,Troyes,700000,,f
214862,193256,1812815,17/18,01/07/2017,1160,"Nîmes Olympique",10868,"US Orléans",300000,,f
214863,193256,864174,14/15,15/11/2014,18015,"Nîmes B",1160,"Nîmes Olympique",50000,,f
214864,193611,6396606,26/27,01/07/2026,64,"SV Elversberg",515,"Without Club",50000,,f
214865,193611,2153241,18/19,01/07/2018,34,"Schalke 04 II",64,"SV Elversberg",,,f
214866,193611,1267094,15/16,01/07/2015,1463,"Schalke 04 U19",34,"Schalke 04 II",25000,,f
214867,193611,859332,13/14,01/07/2013,21061,"Schalke 04 U17",1463,"Schalke 04 U19",,,f
214868,193611,708804,11/12,01/07/2011,11884,"Schalke 04 Yth.",21061,"Schalke 04 U17",,,f
214869,193611,3538010,09/10,01/07/2009,92748,"Waltrop Jgd.",11884,"Schalke 04 Yth.",,,f
214870,193469,6365078,26/27,01/07/2026,1096,"Royal Antwerp",515,"Without Club",100000,,f
214871,193469,3401837,21/22,01/07/2021,405,"Aston Villa",1096,"Royal Antwerp",3000000,3500000,f
214872,193469,2560240,19/20,16/07/2019,1421,"Stade Reims",405,"Aston Villa",6000000,8000000,f
214873,193469,2500876,19/20,01/07/2019,683,Olympiacos,1421,"Stade Reims",6000000,4000000,f
214874,193469,2231651,18/19,30/06/2019,1421,"Stade Reims",683,Olympiacos,6000000,,f
214875,193469,2231578,18/19,19/08/2018,683,Olympiacos,1421,"Stade Reims",6000000,,f
214876,193469,1898762,17/18,31/08/2017,2282,"Club Brugge",683,Olympiacos,8000000,4500000,f
214877,193469,912482,13/14,01/07/2013,43560,"FC Brügge U21",2282,"Club Brugge",200000,,f
214878,193469,1898739,11/12,01/07/2011,49391,"FC Brügge U17",43560,"FC Brügge U21",,,f
214879,193469,1898738,10/11,01/07/2010,25003,"Club Brugge Yth",49391,"FC Brügge U17",,,f
214880,193469,1898737,07/08,01/07/2007,34283,"Lokeren Youth",25003,"Club Brugge Yth",,,f
214881,193861,5014855,24/25,01/07/2024,2999,"Hamilton Acad.",43,"Heart of Midl.",,,f
214882,193861,1841320,17/18,18/07/2017,9252,"Liverpool U23",2999,"Hamilton Acad.",100000,,f
214883,193861,1531162,16/17,31/05/2017,1219,Chesterfield,9252,"Liverpool U23",100000,,f
214884,193861,1531161,16/17,10/07/2016,9252,"Liverpool U23",1219,Chesterfield,,,f
214885,193861,1415819,15/16,23/03/2016,1020,Portsmouth,9252,"Liverpool U21",,,f
214886,193861,1415818,15/16,22/01/2016,9252,"Liverpool U21",1020,Portsmouth,,,f
214887,193861,1311271,14/15,01/07/2014,6922,"Liverpool U18",9252,"Liverpool U21",,,f
214888,193861,1459729,12/13,01/07/2012,50906,"Liverpool Youth",6922,"Liverpool U18",,,f
214889,193784,6153193,25/26,30/01/2026,515,"Without Club",366,"Real Valladolid",250000,,f
214890,193784,5495799,24/25,31/01/2025,1531,"Elche CF",515,"Without Club",600000,,f
214891,193784,3960470,22/23,21/07/2022,3368,Levante,1531,"Elche CF",2000000,,f
214892,193784,2495097,19/20,01/07/2019,331,"CA Osasuna",3368,Levante,2000000,,f
214893,193784,1574931,16/17,19/08/2016,714,Espanyol,331,"CA Osasuna",800000,,f
214894,193784,1287753,15/16,30/06/2016,12321,Girona,714,Espanyol,500000,,f
214895,193784,1287752,15/16,15/07/2015,714,Espanyol,12321,Girona,400000,,f
214896,193784,1182494,14/15,30/06/2015,11422,"CE Sabadell ",714,Espanyol,400000,,f
214897,193784,1182493,14/15,28/01/2015,714,Espanyol,11422,"CE Sabadell ",400000,,f
214898,193784,1012179,13/14,30/06/2014,11422,"CE Sabadell ",714,Espanyol,300000,,f
214899,193784,1012178,13/14,31/01/2014,10773,"RCD Espanyol B",11422,"CE Sabadell ",300000,,f
214900,193784,643921,11/12,01/07/2011,9478,"Espanyol U19",10773,"RCD Espanyol B",,,f
214901,193859,6303193,26/27,01/07/2026,269,"Holstein Kiel",123,Retired,300000,,f
214902,193859,3420037,21/22,02/07/2021,86,"Werder Bremen",269,"Holstein Kiel",700000,250000,f
214903,193859,2968872,20/21,30/07/2020,4,"1.FC Nuremberg",86,"Werder Bremen",1200000,,f
214904,193859,1363384,15/16,15/10/2015,473,"Nuremberg II",4,"1.FC Nuremberg",50000,,f
214905,193859,1069179,14/15,01/07/2014,2613,"Nürnberg U19",473,"Nuremberg II",,,f
214906,193859,767644,12/13,01/07/2012,21049,"Nürnberg U17",2613,"Nürnberg U19",,,f
214907,193859,617837,11/12,01/07/2011,20462,"Nürnberg Yth.",21049,"Nürnberg U17",,,f
214908,193859,2310870,07/08,01/07/2007,70586,"Raigering Yth.",20462,"Nürnberg Yth.",,,f
214909,193881,5685316,25/26,01/07/2025,511,"Dundee FC",987,"Motherwell FC",350000,,f
214910,193881,2511454,19/20,01/07/2019,1191,Falkirk,511,"Dundee FC",200000,,f
214911,193881,1902836,17/18,31/08/2017,43,"Heart of Midl.",1191,Falkirk,250000,,f
214912,193881,1525934,16/17,10/05/2017,9256,"Boro U23",43,"Heart of Midl.",250000,,f
214913,193881,1525933,16/17,05/07/2016,43,"Heart of Midl.",9256,"Boro U23",250000,,f
214914,193881,897253,13/14,01/07/2013,30046,"Hearts FC U17",43,"Heart of Midl.",,,f
214915,193885,5010029,24/25,01/07/2024,3026,Morton,1241,"Livingston FC",250000,,f
214916,193885,2468289,19/20,01/07/2019,1270,"Dunfermline A.",3026,Morton,100000,,f
214917,193885,2246757,18/19,31/08/2018,991,"MK Dons",1270,"Dunfermline A.",250000,,f
214918,193885,1680153,16/17,19/01/2017,43,"Heart of Midl.",991,"MK Dons",250000,,f
214919,193885,1504291,16/17,01/07/2016,515,"Without Club",43,"Heart of Midl.",150000,,f
214920,193885,1476676,15/16,29/04/2016,1519,"Dundee United",515,"Without Club",150000,,f
214921,193885,1333685,15/16,04/01/2016,2760,"Partick Thistle",1519,"Dundee United",150000,,f
214922,193885,1333684,15/16,01/09/2015,1519,"Dundee United",2760,"Partick Thistle",75000,,f
214923,193885,1186930,14/15,02/02/2015,2553,"Kilmarnock FC",1519,"Dundee United",75000,200000,f
214924,193885,1020162,13/14,01/12/2013,9046,"Kilmarnock FC U20",2553,"Kilmarnock FC",,,f
214925,193885,923829,13/14,01/07/2013,31033,"Kilmarnock FC U17",9046,"Kilmarnock FC U20",,,f
214926,193900,5180270,24/25,08/08/2024,16,Dortmund,167,Augsburg,3000000,,f
214927,193900,3084661,20/21,30/06/2021,3,"1.FC Köln",16,Dortmund,4000000,,f
214928,193900,3084662,20/21,02/10/2020,16,Dortmund,3,"1.FC Köln",6500000,,f
214929,193900,2631160,19/20,30/06/2020,44,"Hertha BSC",16,Dortmund,6500000,,f
214930,193900,2631159,19/20,02/09/2019,16,Dortmund,44,"Hertha BSC",8000000,,f
214931,193900,2118373,18/19,02/07/2018,24,Frankfurt,16,Dortmund,10000000,5000000,f
214932,193900,2015612,18/19,01/07/2018,42,"Hannover 96",24,Frankfurt,10000000,500000,f
214933,193900,1691092,17/18,30/06/2018,24,Frankfurt,42,"Hannover 96",10000000,,f
214934,193900,1691091,16/17,31/01/2017,42,"Hannover 96",24,Frankfurt,350000,,f
214935,193900,1400287,15/16,08/01/2016,72,"1860 Munich",42,"Hannover 96",800000,1500000,f
214936,193900,1184394,14/15,26/10/2014,73,"1860 München II",72,"1860 Munich",100000,,f
214937,193900,1044348,14/15,01/07/2014,2510,"TSV 1860 U19",73,"1860 München II",50000,,f
214938,193900,719692,12/13,01/07/2012,21049,"Nürnberg U17",2510,"TSV 1860 U19",,,f
214939,193900,619138,11/12,01/07/2011,20462,"Nürnberg Yth.",21049,"Nürnberg U17",,,f
214940,193900,3500298,07/08,01/07/2007,59166,DTFS,20462,"Nürnberg Yth.",,,f
214941,193900,3708690,06/07,01/07/2006,96358,"Mönchröden Jgd.",59166,DTFS,,,f
214942,193900,3708689,01/02,01/01/2002,96353,"Einberg Jgd.",96358,"Mönchröden Jgd.",,,f
214943,193929,6250417,25/26,28/03/2026,3523,"Barcelona SC",25569,"Guayaquil City",350000,,f
214944,193929,4828603,23/24,17/01/2024,69261,Miami,3523,"Barcelona SC",800000,,f
214945,193929,4360086,22/23,13/04/2023,4561,"CS Emelec",69261,Miami,900000,,f
214946,193929,1976670,17/18,15/02/2018,19309,Independiente,4561,"CS Emelec",800000,,f
214947,193929,1162201,14/15,08/01/2015,19422,"LDU de Loja",19309,Independiente,450000,,f
214948,193929,817858,12/13,22/01/2013,944,"Deportivo Quito",19422,"LDU de Loja",,,f
214949,193929,661661,10/11,15/02/2011,29406,"Chacarita U20",944,"Deportivo Quito",,,f
214950,193929,661662,10/11,31/12/2010,944,"Deportivo Quito",29406,"Chacarita U20",,,f
214951,193929,1162202,09/10,01/01/2010,39476,"SD Quito U20",944,"Deportivo Quito",,,f
214952,193929,661663,09/10,08/09/2009,29406,"Chacarita U20",39476,"SD Quito U20",,,f
214953,193929,661664,09/10,07/09/2009,25953,"CSNA U20",29406,"Chacarita U20",,,f
214954,193929,661665,08/09,24/03/2009,22587,"Barca SC U20",25953,"CSNA U20",,,f
214955,193929,661666,07/08,15/04/2008,25714,"Rocafuerte U20",22587,"Barca SC U20",,,f
214956,193933,6433239,26/27,16/07/2026,6362,"SD Aucas",19304,"Delfín SC",150000,,f
214957,193933,6146665,25/26,27/01/2026,25958,"Vinotinto FC",6362,"SD Aucas",200000,,f
214958,193933,5402353,24/25,20/01/2025,8781,"Dep. Cuenca",25958,"Vinotinto FC",200000,,f
214959,193933,4902431,23/24,21/02/2024,9855,"LDU Quito",8781,"Dep. Cuenca",150000,,f
214960,193933,3903340,21/22,25/06/2022,19101,"AD 9 de Octubre",9855,"LDU Quito",600000,,f
214961,193933,2917813,18/19,01/01/2019,515,"Without Club",19101,"AD 9 de Octubre",200000,,f
214962,193933,2391880,18/19,03/12/2018,25569,"Guayaquil City",515,"Without Club",400000,,f
214963,193933,1089426,14/15,15/07/2014,25576,"Mushuc Runa SC",25569,"CD River Plate",450000,,f
214964,193933,1007144,13/14,17/01/2014,17584,"Uni. Católica",25576,"Mushuc Runa SC",450000,,f
214965,193933,817865,12/13,22/01/2013,944,"Deportivo Quito",17584,"Uni. Católica",,,f
214966,193933,667423,11/12,31/01/2012,9135,"Rocafuerte FC",944,"Deportivo Quito",,,f
214967,193933,1007145,09/10,01/01/2010,25714,"Rocafuerte U20",9135,"Rocafuerte FC",,,f
214968,193933,1007146,08/09,01/07/2008,9135,"Rocafuerte FC",25714,"Rocafuerte U20",,,f
214969,193933,1007147,06/07,01/01/2007,25714,"Rocafuerte U20",9135,"Rocafuerte FC",,,f
214970,194386,5103143,24/25,08/07/2024,34888,Salford,399,Leeds,175000,,f
214971,194386,4452201,23/24,01/07/2023,11177,Fleetwood,34888,Salford,200000,,f
214972,194386,4203648,22/23,31/05/2023,34888,Salford,11177,Fleetwood,200000,,f
214973,194386,4203647,22/23,04/01/2023,11177,Fleetwood,34888,Salford,200000,,f
214974,194386,4157272,22/23,03/12/2022,2577,Hartlepool,11177,Fleetwood,200000,,f
214975,194386,4157271,22/23,26/11/2022,11177,Fleetwood,2577,Hartlepool,200000,,f
214976,194386,1486997,16/17,01/07/2016,1194,Rotherham,11177,Fleetwood,100000,,f
214977,194386,1400636,15/16,08/01/2016,1219,Chesterfield,1194,Rotherham,100000,,f
214978,194386,1244620,15/16,06/08/2015,399,Leeds,1219,Chesterfield,100000,,f
214979,194386,830516,12/13,28/02/2013,3647,Stalybridge,399,Leeds,250000,,f
214980,194386,830515,12/13,20/08/2012,399,Leeds,3647,Stalybridge,250000,,f
214981,194386,614875,11/12,01/07/2011,10161,"Leeds U18",399,Leeds,,,f
214982,194460,6313808,26/27,01/07/2026,1028,Millwall,515,"Without Club",400000,,f
214983,194460,4465766,23/24,01/07/2023,931,Fulham,1028,Millwall,2200000,,f
214984,194460,4048848,22/23,30/06/2023,417,Nice,931,Fulham,2200000,,f
214985,194460,4048845,22/23,31/08/2022,931,Fulham,417,Nice,3000000,,f
214986,194460,2217812,18/19,09/08/2018,698,"Bristol City",931,Fulham,5000000,6700000,f
214987,194460,850273,12/13,31/05/2013,2262,Plymouth,698,"Bristol City",250000,,f
214988,194460,850272,12/13,12/03/2013,698,"Bristol City",2262,Plymouth,250000,,f
214989,194460,655631,12/13,01/07/2012,14650,"Bristol U18",698,"Bristol City",,,f
214990,194460,655633,11/12,23/01/2012,1099,"Bath City",14650,"Bristol U18",,,f
214991,194460,655632,11/12,24/11/2011,14650,"Bristol U18",1099,"Bath City",,,f
214992,194460,3217481,10/11,01/07/2010,52917,"Bristol C. Aca.",14650,"Bristol U18",,,f
214993,194493,5390215,24/25,01/01/2025,9103,Cobreloa,11470,O'Higgins,500000,,f
214994,194493,4809368,23/24,07/01/2024,3277,"U. Católica",9103,Cobreloa,700000,15000,f
214995,194493,4201778,23/24,31/12/2023,14723,Ñublense,3277,"U. Católica",700000,,f
214996,194493,4183751,22/23,01/01/2023,3277,"U. Católica",14723,Ñublense,600000,,f
214997,194493,3280572,20/21,04/03/2021,20514,"La Calera",3277,"U. Católica",500000,250000,f
214998,194493,2360070,18/19,04/01/2019,6363,"Audax Italiano",20514,"La Calera",300000,,f
214999,194493,1824859,17/18,06/07/2017,1037,"U. de Chile",6363,"Audax Italiano",,,f
215000,194493,1503351,16/17,01/07/2016,14604,"D. Concepción",1037,"U. de Chile",,,f
215001,194493,2801563,11/12,01/01/2012,44327,"Concepción U21",14604,"D. Concepción",,,f
215002,194638,4045005,22/23,30/08/2022,82,Wolfsburg,2790,"FC Lugano",2000000,300000,f
215003,194638,1997881,17/18,10/01/2018,26,Basel,82,Wolfsburg,3500000,1750000,f
215004,194638,1381645,15/16,12/01/2016,452,"Young Boys",26,Basel,3250000,1200000,f
215005,194638,871429,13/14,01/07/2013,938,"FC Thun",452,"Young Boys",600000,500000,f
215006,194638,751308,12/13,04/07/2012,1287,"FC Solothurn",938,"FC Thun",,,f
215007,194638,623030,11/12,06/07/2011,14384,"SC Schöftland",1287,"FC Solothurn",,,f
215008,194638,788264,07/08,10/08/2007,18723,"Aarau U16",14384,"SC Schöftland",,,f
215009,194975,6370849,26/27,01/07/2026,938,"FC Thun",434,"FC Luzern",400000,,f
215010,194975,3920772,22/23,05/07/2022,28643,"SK Beveren",938,"FC Thun",400000,,f
215011,194975,3064143,20/21,16/09/2020,938,"FC Thun",28643,Waasland-Beveren,800000,,f
215012,194975,2756979,19/20,13/01/2020,51772,Cincinnati,938,"FC Thun",1000000,100000,f
215013,194975,2343104,18/19,01/01/2019,452,"Young Boys",51772,Cincinnati,1500000,1750000,f
215014,194975,983920,13/14,01/01/2014,5508,"BSC YB U21",452,"Young Boys",250000,,f
215015,194975,781630,12/13,01/07/2012,14438,"BSC YB U18",5508,"BSC YB U21",,,f
215016,19483,4796057,23/24,02/01/2024,127,"SC Paderborn",187,"1.FC Magdeburg",600000,100000,f
215017,19483,3843261,22/23,01/07/2022,187,"1.FC Magdeburg",127,"SC Paderborn",400000,,f
215018,19483,2100243,18/19,01/07/2018,440,"Hallescher FC",187,"1.FC Magdeburg",300000,,f
215019,19483,1775849,17/18,07/07/2017,245,"SC Freiburg II",440,"Hallescher FC",,,f
215020,19483,1245926,15/16,01/07/2015,1203,"FC Nöttingen",245,"SC Freiburg II",25000,,f
215021,19483,880933,13/14,01/07/2013,18557,"Nöttingen U19",1203,"FC Nöttingen",,,f
215022,19483,1307548,11/12,01/07/2011,50089,"Nöttingen U17",18557,"Nöttingen U19",,,f
215023,19483,1307547,10/11,01/07/2010,49164,"Brötzingen U17",50089,"Nöttingen U17",,,f
215024,19483,1307549,09/10,01/07/2009,49165,"Brötzingen Yth.",49164,"Brötzingen U17",,,f
215025,195246,6323957,26/27,01/07/2026,79,Stuttgart,515,"Without Club",1200000,,f
215026,195246,2951023,20/21,01/07/2020,60,Freiburg,79,Stuttgart,2400000,1300000,f
215027,195246,2498284,19/20,30/06/2020,79,Stuttgart,60,Freiburg,2400000,,f
215028,195246,2498283,19/20,01/07/2019,60,Freiburg,79,Stuttgart,4000000,,f
215029,195246,1756294,17/18,01/07/2017,16,Dortmund,60,Freiburg,3000000,4000000,f
215030,195246,1422292,16/17,30/06/2017,60,Freiburg,16,Dortmund,3000000,,f
215031,195246,1422291,15/16,29/01/2016,16,Dortmund,60,Freiburg,200000,,f
215032,195246,1148842,15/16,01/07/2015,1464,"B. Dortmund U19",16,Dortmund,100000,,f
215033,195246,860612,13/14,01/07/2013,21086,"Osnabrück U17",1464,"B. Dortmund U19",,,f
215034,195246,620177,11/12,01/07/2011,11954,"Bielefeld Yth.",21086,"Osnabrück U17",,,f
215035,195246,1756548,06/07,01/07/2006,60989,"Rödinghsn. Jgd.",11954,"Bielefeld Yth.",,,f
215036,195274,3358981,20/21,07/05/2021,1467,Göztepe,239,"Viking FK",800000,,f
215037,195274,2759663,19/20,15/01/2020,239,"Viking FK",1467,Göztepe,600000,405000,f
215038,195274,2043008,17/18,21/02/2018,2481,"FC Sheriff",239,"Viking FK",300000,,f
215039,195274,1866497,17/18,03/08/2017,65,"Greuther Fürth",2481,"FC Sheriff",350000,,f
215040,195274,1184371,14/15,31/01/2015,267,"IK Start",65,"Greuther Fürth",600000,,f
215041,195274,1036089,13/14,13/03/2014,687,"Molde FK",267,"IK Start",200000,,f
215042,195274,762900,12/13,31/12/2012,3837,"Fredrikstad FK",687,"Molde FK",200000,,f
215043,195274,762899,12/13,02/08/2012,687,"Molde FK",3837,"Fredrikstad FK",250000,,f
215044,195274,657649,11/12,01/08/2011,2692,Egersund,687,"Molde FK",,,f
215045,195274,4639080,10/11,04/04/2011,116099,"Tonstad IL",2692,Egersund,,,f
215046,195274,4639079,08/09,01/08/2008,101900,"Lyngdal Jugend",116099,"Tonstad IL",,,f
215047,195332,2010462,17/18,30/06/2018,1050,Villarreal,1114,Al-Hilal,800000,,f
215048,195332,2010461,17/18,21/01/2018,1114,Al-Hilal,1050,Villarreal,950000,,f
215049,195332,1636861,11/12,01/07/2011,34188,"Al-Hilal U23",1114,Al-Hilal,,,f
215050,195488,4424922,23/24,01/07/2023,931,Fulham,12321,Girona,3000000,,f
215051,195488,4051468,22/23,30/06/2023,12321,Girona,931,Fulham,3000000,,f
215052,195488,4051467,22/23,01/09/2022,931,Fulham,12321,Girona,2000000,,f
215053,195488,3378855,21/22,24/07/2021,148,Tottenham,931,Fulham,3000000,,f
215054,195488,3233696,20/21,30/06/2021,1531,"Elche CF",148,Tottenham,3000000,,f
215055,195488,3233695,20/21,01/02/2021,148,Tottenham,1531,"Elche CF",4000000,,f
215056,195488,1890701,17/18,23/08/2017,180,Southampton,148,Tottenham,1000000,,f
215057,195488,1553970,16/17,30/06/2017,367,"Rayo Vallecano",180,Southampton,1000000,,f
215058,195488,1553969,16/17,29/07/2016,180,Southampton,367,"Rayo Vallecano",1000000,,f
215059,195488,753284,12/13,20/07/2012,2814,Gillingham,180,Southampton,,3150000,f
215060,195488,663639,11/12,28/07/2011,10200,"Valencia U19",2814,Gillingham,,,f
215061,195488,1890988,09/10,01/07/2009,16200,"Valencia CF You",10200,"Valencia U19",,,f
215062,195546,2934431,20/21,26/08/2020,723,"Almere City",132,"NAC Breda",300000,,f
215063,195546,2807990,19/20,20/02/2020,515,"Without Club",723,"Almere City",350000,,f
215064,195546,2434144,19/20,01/07/2019,468,"Sparta R.",515,"Without Club",350000,,f
215065,195546,619534,11/12,01/07/2011,10703,"Sparta U19",468,"Sparta R.",,,f
215066,195546,2743550,09/10,01/07/2009,44767,"Sparta R. U17",10703,"Sparta U19",,,f
215067,195546,2743551,08/09,01/07/2008,57014,"Westlandia Yth",44767,"Sparta R. U17",,,f
215068,195546,2743552,07/08,01/07/2007,32798,"Feyenoord Youth",57014,"Westlandia Yth",,,f
215069,195633,6427839,26/27,14/07/2026,180,Southampton,22,Derby,1200000,,f
215070,195633,5911546,25/26,30/06/2026,984,"West Brom",180,Southampton,1200000,,f
215071,195633,5911545,25/26,01/09/2025,180,Southampton,984,"West Brom",2200000,,f
215072,195633,5086220,24/25,01/07/2024,1132,Burnley,180,Southampton,3000000,,f
215073,195633,1823808,17/18,06/07/2017,399,Leeds,1132,Burnley,5000000,,f
215074,195633,964621,13/14,31/05/2014,11177,Fleetwood,399,Leeds,25000,,f
215075,195633,964620,13/14,15/10/2013,399,Leeds,11177,Fleetwood,25000,,f
215076,195633,827802,12/13,31/05/2013,2451,"Inverness CT",399,Leeds,25000,,f
215077,195633,827801,12/13,25/01/2013,399,Leeds,2451,"Inverness CT",,,f
215078,195633,780196,12/13,30/10/2012,1252,"York City",399,Leeds,,,f
215079,195633,780195,12/13,30/08/2012,399,Leeds,1252,"York City",,,f
215080,195633,767616,12/13,01/07/2012,20116,"Leeds U21",399,Leeds,,,f
215081,195633,665470,11/12,01/02/2012,1027,Bradford,20116,"Leeds Reserves",,,f
215082,195633,665469,11/12,01/01/2012,20116,"Leeds Reserves",1027,Bradford,,,f
215083,195633,6428065,11/12,01/07/2011,10161,"Leeds U18",20116,"Leeds Reserves",,,f
215084,195633,6428064,10/11,01/07/2010,84125,"Leeds Youth",10161,"Leeds U18",,,f
215085,195762,6341015,26/27,01/07/2026,4542,"CyD Leonesa",5358,"SD Huesca",200000,,f
215086,195762,4551319,23/24,08/08/2023,979,"Moreirense ",4542,"CyD Leonesa",150000,,f
215087,195762,4007901,22/23,01/08/2022,11596,"AD Alcorcón",979,"Moreirense ",200000,,f
215088,195762,3065254,20/21,17/09/2020,2420,"Vit. Guimarães",11596,"AD Alcorcón",700000,,f
215089,195762,2377695,18/19,30/06/2019,3329,Famalicão,2420,"Vit. Guimarães",550000,,f
215090,195762,2377694,18/19,23/01/2019,2420,"Vit. Guimarães",3329,Famalicão,800000,,f
215091,195762,1896010,17/18,28/08/2017,10331,"FC Porto B",2420,"Vit. Guimarães",1000000,,f
215092,195762,1564149,16/17,30/06/2017,982,Nacional,10331,"FC Porto B",1000000,,f
215093,195762,1564148,16/17,08/08/2016,10331,"FC Porto B",982,Nacional,1500000,,f
215094,195762,1001715,13/14,01/01/2014,26468,"Dep. La Guaira",10331,"FC Porto B",,900000,f
215095,195762,1001716,13/14,31/12/2013,10331,"FC Porto B",26468,"Dep. La Guaira",,,f
215096,195762,830283,12/13,28/01/2013,26468,"Dep. La Guaira",10331,"FC Porto B",,,f
215097,195762,904254,11/12,01/07/2011,44651,"DLG B",26468,"Dep. La Guaira",,,f
215098,195778,6412568,26/27,08/07/2026,27,"Bayern Munich",114,Besiktas,12000000,6250000,f
215099,195778,4531466,25/26,30/06/2026,79,Stuttgart,27,"Bayern Munich",12000000,,f
215100,195778,4531444,23/24,25/07/2023,27,"Bayern Munich",79,Stuttgart,8000000,,f
215101,195778,3411940,22/23,30/06/2023,162,Monaco,27,"Bayern Munich",8000000,,f
215102,195778,3411939,21/22,01/07/2021,27,"Bayern Munich",162,Monaco,6000000,,f
215103,195778,2744120,20/21,01/07/2020,33,"FC Schalke 04",27,"Bayern Munich",9500000,,f
215104,195778,1331360,15/16,27/08/2015,127,"SC Paderborn",33,"FC Schalke 04",100000,600000,f
215105,195778,1052075,14/15,01/07/2014,8312,"Paderborn U19",127,"SC Paderborn",,,f
215106,195778,1006051,13/14,01/07/2013,32312,"Paderborn U17",8312,"Paderborn U19",,,f
215107,195778,1331839,11/12,01/07/2011,35740,"Paderborn Yth.",32312,"Paderborn U17",,,f
215108,195778,1452480,05/06,01/07/2005,53072,"TSV Tudorf Yth.",35740,"Paderborn Yth.",,,f
215109,195736,6371140,26/27,01/07/2026,1075,Braga,515,"Without Club",2500000,,f
215110,195736,5901855,25/26,29/08/2025,533,Hoffenheim,1075,Braga,2000000,,f
215111,195736,5501487,24/25,30/06/2025,366,"Real Valladolid",533,Hoffenheim,2000000,,f
215112,195736,5501485,24/25,03/02/2025,533,Hoffenheim,366,"Real Valladolid",3500000,,f
215113,195736,4414894,23/24,01/07/2023,610,Ajax,533,Hoffenheim,6500000,,f
215114,195736,4051187,22/23,01/09/2022,515,"Without Club",610,Ajax,16000000,,f
215115,195736,4051326,22/23,01/07/2022,533,Hoffenheim,515,"Without Club",16000000,,f
215116,195736,1676266,17/18,01/07/2017,86,"Werder Bremen",533,Hoffenheim,4000000,,f
215117,195736,1275834,15/16,01/07/2015,87,"W. Bremen II",86,"Werder Bremen",200000,,f
215118,195736,950511,14/15,01/07/2014,2491,"W. Bremen U19",87,"W. Bremen II",75000,,f
215119,195736,882571,13/14,01/07/2013,7560,"St. Pölten U18",2491,"W. Bremen U19",,,f
215120,195736,1097110,11/12,01/07/2011,42828,"St. Pölten U16",7560,"St. Pölten U18",,,f
215121,195736,1097109,10/11,01/07/2010,42827,"St. Pölten U15",42828,"St. Pölten U16",,,f
215122,195736,626286,08/09,01/07/2008,33929,"Pottschach Jgd",42827,"St. Pölten U15",,,f
215123,195810,4615522,23/24,29/08/2023,18487,Al-Ahli,537,Botafogo,1200000,,f
215124,195810,4062823,22/23,08/09/2022,67913,Al-Ain,18487,Al-Ahli,1700000,,f
215125,195810,3479252,21/22,30/06/2022,1083,Rostov,67913,Al-Ain,1700000,,f
215126,195810,3479251,21/22,05/08/2021,67913,Al-Ain,1083,Rostov,2000000,,f
215127,195810,3112947,20/21,22/10/2020,398,Lazio,67913,Al-Ain,2700000,500000,f
215128,195810,1573060,16/17,17/08/2016,1083,Rostov,398,Lazio,5000000,5000000,f
279665,712911,3911440,22/23,01/07/2022,23075,"FC Honka II",1005,Lecce,75000,,f
279666,712911,3519401,21/22,30/06/2022,5618,"Lecce U19",23075,"FC Honka II",75000,,f
279667,712911,3519400,21/22,26/08/2021,23075,"FC Honka II",5618,"Lecce U19",,,f
279668,712911,3075317,19/20,01/01/2020,20872,"FC Honka U20",23075,"FC Honka II",,,f
279669,713071,5175280,24/25,06/08/2024,10157,Aktobe,3725,"Akhmat Grozny",1200000,1000000,f
279670,713071,3112425,19/20,01/01/2020,38603,"Aktobe II",10157,Aktobe,50000,,f
279671,713140,5328213,24/25,01/01/2025,7008,"AC Oulu",1008,"HJK Helsinki",300000,,f
279672,713140,2730805,19/20,01/01/2020,52355,"OLS U17",7008,"AC Oulu",,,f
279673,713644,6162197,25/26,30/06/2026,12,Roma,27,"Bayern Munich",8000000,,f
279674,713644,6162196,25/26,02/02/2026,27,"Bayern Munich",12,Roma,10000000,,f
279675,713644,5823815,25/26,02/02/2026,940,"Celta de Vigo",27,"Bayern Munich",10000000,,f
279676,713644,5823654,25/26,30/07/2025,27,"Bayern Munich",940,"Celta de Vigo",12000000,,f
279677,713644,5182961,24/25,30/06/2025,331,"CA Osasuna",27,"Bayern Munich",12000000,,f
279678,713644,5182960,24/25,09/08/2024,27,"Bayern Munich",331,"CA Osasuna",12000000,,f
279679,713644,4755830,24/25,01/07/2024,16795,"Granada CF",27,"Bayern Munich",12000000,13000000,f
279680,713644,4863237,23/24,30/06/2024,27,"Bayern Munich",16795,"Granada CF",12000000,,f
284315,792155,2960829,19/20,01/01/2020,40115,"Örgryte U17",7957,"Örgryte U19",,,f
215129,195810,906008,13/14,11/07/2013,7084,"Petro Luanda",1083,Rostov,250000,,f
215130,195810,1300081,10/11,01/07/2010,64636,"P. Luanda U19",7084,"Petro Luanda",,,f
215131,195852,5734213,25/26,27/06/2025,25576,"Mushuc Runa SC",17584,"Uni. Católica",300000,,f
215132,195852,4850739,23/24,01/01/2024,25569,"Guayaquil City",25576,"Mushuc Runa SC",300000,,f
215133,195852,4177094,22/23,03/01/2023,25576,"Mushuc Runa SC",25569,"Guayaquil City",450000,,f
215134,195852,3706920,21/22,21/01/2022,10960,"Central Español",25576,"Mushuc Runa SC",300000,,f
215135,195852,3094603,20/21,08/10/2020,12458,"Dep. Morón",10960,"Central Español",225000,,f
215136,195852,1980085,17/18,08/01/2018,49806,"Lorca Deportiva",12458,"Dep. Morón",150000,,f
215137,195852,1870268,17/18,07/08/2017,8356,"Villa Dálmine",49806,"Lorca Deportiva",375000,,f
215138,195852,1388902,15/16,01/01/2016,14806,"CA Cerro",8356,"Villa Dálmine",375000,,f
215139,195852,1282600,14/15,30/06/2015,1806,"Sud América",14806,"CA Cerro",400000,,f
215140,195852,1112880,14/15,16/08/2014,14806,"CA Cerro",1806,"Sud América",450000,,f
215141,195852,854780,11/12,01/07/2011,20254,"CA Cerro U19",14806,"CA Cerro",,,f
215142,195906,4863332,23/24,01/02/2024,2832,"Gaziantep FK",26,Basel,1300000,,f
215143,195906,4630036,23/24,04/09/2023,371,Celtic,2832,"Gaziantep FK",1700000,585000,f
215144,195906,4048633,22/23,30/06/2023,122,"Sturm Graz",371,Celtic,1700000,,f
215145,195906,4048632,22/23,31/08/2022,371,Celtic,122,"Sturm Graz",2500000,,f
215146,195906,3013429,20/21,13/08/2020,379,"West Ham",371,Celtic,4800000,5500000,f
215147,195906,2596400,19/20,08/08/2019,26,Basel,379,"West Ham",7000000,11300000,f
215148,195906,1926071,17/18,02/10/2017,257,"FC St. Gallen",26,Basel,1500000,1390000,f
215149,195906,1736161,17/18,01/07/2017,167,Augsburg,257,"FC St. Gallen",1500000,1000000,f
215150,195906,1587482,16/17,30/06/2017,257,"FC St. Gallen",167,Augsburg,1500000,,f
215151,195906,1587481,16/17,31/08/2016,167,Augsburg,257,"FC St. Gallen",1000000,,f
215152,195906,1400583,15/16,08/01/2016,26,Basel,167,Augsburg,1000000,1000000,f
215153,195906,1191231,14/15,01/01/2015,5299,"FC Basel U21",26,Basel,500000,,f
215154,195906,923557,13/14,01/07/2013,14322,"FC Basel U18",5299,"FC Basel U21",,,f
215155,195906,766928,12/13,01/07/2012,32336,"FC Basel U16",14322,"FC Basel U18",,,f
215156,195906,1400957,11/12,01/07/2011,42366,"FC Basel Yth.",32336,"FC Basel U16",,,f
215157,195958,4836139,23/24,15/01/2024,4321,"Union Española",11004,"Coquimbo Unido",150000,,f
215158,195958,3674203,21/22,04/01/2022,6363,"Audax Italiano",4321,"Union Española",325000,,f
215159,195958,1776370,17/18,01/07/2017,11004,"Coquimbo Unido",6363,"Audax Italiano",450000,,f
215160,195958,1513577,16/17,01/07/2016,14604,"D. Concepción",11004,"Coquimbo Unido",450000,,f
215161,195958,1076885,14/15,01/07/2014,14758,"Racing Club",14604,"D. Concepción",450000,,f
215162,195958,3065569,10/11,01/07/2010,24274,"Racing U19",14758,"Racing Club",,,f
215163,196077,5328362,24/25,03/01/2025,432,Chicago,4078,Montréal,1000000,,f
215164,196077,2335026,18/19,09/12/2018,25467,Philadelphia,432,Chicago,400000,,f
215165,196077,2073450,18/19,30/11/2018,51762,"Bethlehem Steel",25467,Philadelphia,400000,,f
215166,196077,2073449,17/18,23/03/2018,25467,Philadelphia,51762,"Bethlehem Steel",500000,,f
215167,196077,1819081,17/18,30/11/2017,51762,"Bethlehem Steel",25467,Philadelphia,600000,,f
215168,196077,1819080,16/17,30/06/2017,25467,Philadelphia,51762,"Bethlehem Steel",600000,,f
215169,196077,1578073,16/17,30/11/2016,51762,"Bethlehem Steel",25467,Philadelphia,175000,,f
215170,196077,1578072,15/16,24/03/2016,25467,Philadelphia,51762,"Bethlehem Steel",50000,,f
215171,196077,1406797,15/16,14/01/2016,9738,"CU Bluejays",25467,Philadelphia,,,f
215172,196077,952197,13/14,01/07/2013,4879,"VfL Rhede",9738,"CU Bluejays",,,f
215173,196077,725558,12/13,01/07/2012,10029,"Pr. Münster U19",4879,"VfL Rhede",,,f
215174,196077,1967197,11/12,01/07/2011,6200,"FC Twente U19",10029,"Pr. Münster U19",,,f
215175,196077,1967198,10/11,01/07/2010,18343,"FC Twente U17",6200,"FC Twente U19",,,f
215176,196077,1967199,08/09,01/07/2008,32796,"FC Twente Youth",18343,"FC Twente U17",,,f
215177,196084,6384753,26/27,01/07/2026,91,"Pr. Münster",515,"Without Club",400000,,f
215178,196084,5758436,25/26,07/07/2025,65,"Greuther Fürth",91,"Pr. Münster",700000,,f
215179,196084,2462004,19/20,01/07/2019,85,"W. Mannheim",65,"Greuther Fürth",150000,,f
215180,196084,1756431,17/18,01/07/2017,1,Saarbrücken,85,"W. Mannheim",100000,,f
215181,196084,1073331,14/15,01/07/2014,5372,"Frankfurt U19",1,Saarbrücken,,,f
215182,196084,733200,12/13,01/07/2012,21057,"Frankfurt U17",5372,"Frankfurt U19",,,f
215183,196084,621650,11/12,01/07/2011,12016,"Frankfurt Yth.",21057,"Frankfurt U17",,,f
215184,196084,3559920,06/07,01/07/2006,93229,"Burg-Gr. Jgd.",12016,"Frankfurt Yth.",,,f
215185,196095,5064649,24/25,01/07/2024,82,Wolfsburg,3,"1.FC Köln",2500000,,f
215186,196095,4435832,23/24,30/06/2024,3,"1.FC Köln",82,Wolfsburg,2500000,,f
215187,196095,4435830,23/24,01/07/2023,82,Wolfsburg,3,"1.FC Köln",3000000,,f
215188,196095,3512830,21/22,22/08/2021,294,Benfica,82,Wolfsburg,15000000,12000000,f
215189,196095,3014870,20/21,14/08/2020,60,Freiburg,294,Benfica,16000000,15000000,f
215190,196095,2114839,18/19,01/07/2018,41,Hamburg,60,Freiburg,2500000,5000000,f
215191,196095,1519145,16/17,01/07/2016,24,Frankfurt,41,Hamburg,1000000,1300000,f
215192,196095,5324267,14/15,01/07/2014,5372,"Frankfurt U19",24,Frankfurt,500000,,f
215193,196095,895528,13/14,01/07/2013,21057,"Frankfurt U17",5372,"Frankfurt U19",,,f
215194,196095,935091,11/12,01/07/2011,12016,"Frankfurt Yth.",21057,"Frankfurt U17",,,f
215195,196095,2010065,10/11,01/07/2010,30791,"Wieseck Youth",12016,"Frankfurt Yth.",,,f
215196,196095,2010066,09/10,01/07/2009,64544,"Mittenaar Jgd.",30791,"Wieseck Youth",,,f
215197,196095,2010067,07/08,01/07/2007,64545,"Oranien Yth.",64544,"Mittenaar Jgd.",,,f
215198,196139,6377613,26/27,01/07/2026,41,Hamburg,82,Wolfsburg,1500000,1700000,f
215199,196139,3407106,21/22,01/07/2021,603,Cardiff,41,Hamburg,2500000,1000000,f
215200,196139,3232713,20/21,30/06/2021,39,Mainz,603,Cardiff,2500000,,f
215201,196139,3232712,20/21,01/02/2021,603,Cardiff,39,Mainz,2000000,,f
215202,196139,2582980,19/20,31/07/2019,2036,Heidenheim,603,Cardiff,2500000,6000000,f
215203,196139,1736665,17/18,01/07/2017,151,"K'lautern II",2036,Heidenheim,450000,,f
215204,196139,1222209,15/16,01/07/2015,73,"1860 München II",151,"K'lautern II",50000,,f
215205,196139,1068413,14/15,01/07/2014,5137,"Burghausen II",73,"1860 München II",,,f
215206,196139,935443,13/14,31/08/2013,1238,"SV Heimstetten",5137,"Burghausen II",50000,,f
215207,196139,873802,13/14,01/07/2013,2510,"TSV 1860 U19",1238,"SV Heimstetten",50000,,f
215208,196139,728069,12/13,01/07/2012,8207,"U'haching U19",2510,"TSV 1860 U19",,,f
215209,196139,2400167,11/12,01/07/2011,42491,"Fürstenf. U17",8207,"U'haching U19",,,f
215210,196139,2400168,09/10,01/07/2009,42490,"Fürstenf. Yth.",42491,"Fürstenf. U17",,,f
215211,196229,3863302,22/23,01/07/2022,2759,"Ross County",1191,Falkirk,375000,,f
215212,196229,3678295,21/22,09/05/2022,1270,"Dunfermline A.",2759,"Ross County",400000,,f
215213,196229,3678294,21/22,03/01/2022,2759,"Ross County",1270,"Dunfermline A.",400000,,f
215214,196229,2761246,19/20,15/01/2020,2451,"Inverness CT",2759,"Ross County",350000,,f
215215,196229,1878738,17/18,19/08/2017,1519,"Dundee United",2451,"Inverness CT",200000,,f
215216,196229,1282986,15/16,13/07/2015,1039,QPR,1519,"Dundee United",25000,,f
215217,196229,1008865,13/14,28/01/2014,1241,"Livingston FC",1039,QPR,25000,175000,f
215218,196229,894460,13/14,01/07/2013,8912,"Livingston U20",1241,"Livingston FC",,,f
215219,196229,1282987,12/13,01/07/2012,31034,"Livingston FC U17",8912,"Livingston U20",,,f
215220,196229,666210,11/12,01/07/2011,28500,"Tynecastle Colts",31034,"Livingston FC U17",,,f
215221,196231,6347016,26/27,01/07/2026,18,Mönchengladbach,89,"Union Berlin",1800000,,f
215222,196231,3690650,21/22,11/01/2022,89,"Union Berlin",18,Mönchengladbach,10000000,5500000,f
215223,196231,2540352,19/20,05/07/2019,167,Augsburg,89,"Union Berlin",3000000,2500000,f
215224,196231,2490984,19/20,01/07/2019,89,"Union Berlin",167,Augsburg,3000000,1000000,f
215225,196231,2016127,17/18,27/01/2018,167,Augsburg,89,"Union Berlin",500000,300000,f
215226,196231,1507235,16/17,01/07/2016,33,"FC Schalke 04",167,Augsburg,750000,1000000,f
215227,196231,1035335,14/15,01/07/2014,1463,"Schalke 04 U19",33,"FC Schalke 04",100000,,f
215228,196231,740334,12/13,01/07/2012,21061,"Schalke 04 U17",1463,"Schalke 04 U19",,,f
215229,196231,631461,11/12,01/07/2011,32312,"Paderborn U17",21061,"Schalke 04 U17",,,f
215230,196231,1452477,10/11,01/07/2010,44412,"Vellmar Yth.",32312,"Paderborn U17",,,f
215231,196231,1452476,08/09,01/07/2008,53075,"Guxhagen Yth.",44412,"Vellmar Yth.",,,f
215232,196147,6310449,26/27,01/07/2026,2,"1.FC K'lautern",515,"Without Club",400000,,f
215233,196147,3088283,20/21,05/10/2020,65,"Greuther Fürth",2,"1.FC K'lautern",400000,,f
215234,196147,2365292,18/19,11/01/2019,89,"Union Berlin",65,"Greuther Fürth",500000,100000,f
215235,196147,1250332,15/16,01/07/2015,66,Unterhaching,89,"Union Berlin",200000,,f
215236,196147,881736,13/14,01/07/2013,8207,"U'haching U19",66,Unterhaching,,,f
215237,196147,685905,11/12,01/07/2011,33034,"U'haching U17",8207,"U'haching U19",,,f
215238,196147,1250553,09/10,01/07/2009,65718,"O'föhring Yth.",33034,"U'haching U17",,,f
215239,196382,4435681,23/24,01/07/2023,48,"Karlsruher SC",44,"Hertha BSC",800000,300000,f
215240,196382,2517733,19/20,01/07/2019,44,"Hertha BSC",48,"Karlsruher SC",350000,45000,f
215241,196382,1502139,17/18,30/06/2018,81,"VfL Osnabrück",44,"Hertha BSC",350000,,f
215242,196382,1502138,16/17,01/07/2016,44,"Hertha BSC",81,"VfL Osnabrück",200000,,f
215243,196382,1405354,15/16,30/06/2016,21,"Chemnitzer FC",44,"Hertha BSC",200000,,f
215244,196382,1405353,15/16,13/01/2016,44,"Hertha BSC",21,"Chemnitzer FC",200000,,f
215245,196382,1070537,14/15,01/07/2014,45,"Hertha BSC II",44,"Hertha BSC",125000,,f
215246,196382,1008300,13/14,01/07/2013,2827,"Hertha BSC U19",45,"Hertha BSC II",50000,,f
215247,196382,938760,12/13,01/07/2012,21066,"Hertha BSC U17",2827,"Hertha BSC U19",,,f
215248,196382,1008299,11/12,01/07/2011,11844,"Hertha BSC Yth.",21066,"Hertha BSC U17",,,f
215249,196382,2350811,04/05,01/07/2004,71410,"Brandenb. Yth.",11844,"Hertha BSC Yth.",,,f
215250,196382,2350810,01/02,01/07/2001,71411,"Siemensst. Yth.",71410,"Brandenb. Yth.",,,f
215251,196357,5696292,25/26,09/06/2025,15,Leverkusen,27,"Bayern Munich",30000000,2000000,f
215252,196357,1288453,15/16,16/07/2015,41,Hamburg,15,Leverkusen,6000000,9500000,f
215253,196357,1122440,14/15,30/06/2015,38,"F. Düsseldorf",41,Hamburg,4000000,,f
215254,196357,1122439,14/15,01/09/2014,41,Hamburg,38,"F. Düsseldorf",6500000,,f
215255,196357,827266,13/14,01/07/2013,2509,"HSV U19",41,Hamburg,,,f
215256,196357,770949,12/13,01/07/2012,21063,"Hamburg U17",2509,"HSV U19",,,f
215257,196357,871638,11/12,01/07/2011,12786,"HSV Yth.",21063,"Hamburg U17",,,f
215258,196357,871639,09/10,04/08/2009,30029,"Concordia Yth.",12786,"HSV Yth.",,,f
215259,196357,901266,09/10,01/07/2009,38759,"Altona 93 Yth.",30029,"Concordia Yth.",,,f
215260,196427,2512915,21/22,30/06/2022,52,"MSV Duisburg",42,"Hannover 96",300000,,f
215261,196427,2512914,19/20,01/07/2019,42,"Hannover 96",52,"MSV Duisburg",200000,,f
215262,196427,2068639,18/19,01/07/2018,28,"FC Bayern II",42,"Hannover 96",100000,,f
215263,196427,1257199,15/16,01/07/2015,2491,"W. Bremen U19",28,"FC Bayern II",25000,,f
215264,196427,898710,13/14,01/07/2013,21079,"W. Bremen U17",2491,"W. Bremen U19",,,f
215265,196427,745633,12/13,01/07/2012,12012,"W. Bremen Yth.",21079,"W. Bremen U17",,,f
215266,196427,1761977,06/07,01/07/2006,36856,"VfL Olden. Yth.",12012,"W. Bremen Yth.",,,f
215267,196435,4464864,23/24,01/07/2023,366,"Real Valladolid",452,"Young Boys",1000000,500000,f
215268,196435,3906192,22/23,30/06/2023,80,"VfL Bochum",366,"Real Valladolid",1000000,,f
215269,196435,3906191,22/23,01/07/2022,366,"Real Valladolid",80,"VfL Bochum",1000000,,f
215270,196435,3108716,20/21,01/10/2020,720,Porto,366,"Real Valladolid",2000000,1900000,f
215271,196435,2532003,19/20,12/08/2020,452,"Young Boys",720,Porto,2000000,,f
215272,196435,2532002,19/20,01/07/2019,720,Porto,452,"Young Boys",2000000,,f
215273,196435,2248110,18/19,30/06/2019,703,"Nott'm Forest",720,Porto,2000000,,f
215274,196435,2248109,18/19,31/08/2018,720,Porto,703,"Nott'm Forest",3000000,,f
215275,196435,2135907,18/19,01/07/2018,618,Saint-Étienne,720,Porto,3000000,2200000,f
215276,196435,1825779,17/18,07/07/2017,371,Celtic,618,Saint-Étienne,500000,,f
215277,196435,1588975,16/17,30/06/2017,349,Barnsley,371,Celtic,500000,,f
215278,196435,1588974,16/17,31/08/2016,371,Celtic,349,Barnsley,500000,,f
215279,196435,1274581,15/16,01/07/2015,9251,"Man Utd U21",371,Celtic,250000,280000,f
215280,196435,1186810,14/15,31/05/2015,355,Bolton,9251,"Man Utd U21",250000,,f
215281,196435,1186809,14/15,02/02/2015,9251,"Man Utd U21",355,Bolton,,,f
215282,196435,944194,13/14,02/09/2013,14537,"FC Zürich U18",9251,"Man Utd U21",,830000,f
215283,196435,663204,11/12,01/07/2011,33982,"FC Zürich U17",14537,"FC Zürich U18",,,f
215284,196722,3973230,22/23,31/05/2023,2578,"St. Johnstone",873,"Crystal Palace",350000,,f
215285,196722,3973229,22/23,27/07/2022,873,"Crystal Palace",2578,"St. Johnstone",300000,,f
215286,196722,3376828,21/22,12/07/2021,289,Sunderland,873,"Crystal Palace",300000,,f
215287,196722,2980135,20/21,21/08/2020,355,Bolton,289,Sunderland,300000,,f
215288,196722,2222023,18/19,18/01/2019,1123,Norwich,355,Bolton,200000,,f
215289,196722,2222022,18/19,05/01/2019,355,Bolton,1123,Norwich,200000,,f
215290,196722,2222021,18/19,12/08/2018,1123,Norwich,355,Bolton,200000,,f
215291,196722,1985265,17/18,31/05/2018,2262,Plymouth,1123,Norwich,200000,,f
215292,196722,1938598,17/18,20/10/2017,1123,Norwich,2262,Plymouth,200000,,f
215293,196722,1538648,16/17,31/05/2017,2999,"Hamilton Acad.",1123,Norwich,200000,,f
215294,196722,1538647,16/17,16/07/2016,1123,Norwich,2999,"Hamilton Acad.",100000,,f
215295,196722,1459986,15/16,31/05/2016,2454,Doncaster,1123,Norwich,100000,,f
215296,196722,1459987,15/16,24/03/2016,1123,Norwich,2454,Doncaster,100000,,f
215297,196722,1279114,15/16,03/01/2016,2963,"Burton Albion",1123,Norwich,,,f
215298,196722,1279113,15/16,06/07/2015,1123,Norwich,2963,"Burton Albion",,,f
215299,196722,1154990,14/15,27/12/2014,2963,"Burton Albion",1123,Norwich,,,f
215300,196722,1154989,14/15,27/11/2014,1123,Norwich,2963,"Burton Albion",,,f
215301,196722,703409,12/13,01/07/2012,6898,"Norwich U18",1123,Norwich,,,f
215302,196791,3021506,20/21,20/08/2020,108,"Wehen Wiesbaden",257,"FC St. Gallen",200000,,f
215303,196791,1771342,17/18,01/07/2017,851,"FSV Mainz 05 II",108,"Wehen Wiesbaden",150000,,f
215304,196791,1208944,15/16,01/07/2015,5369,"Mainz 05 U19",851,"FSV Mainz 05 II",50000,,f
215305,196791,1764545,13/14,01/07/2013,21051,"Mainz 05 U17",5369,"Mainz 05 U19",,,f
215306,196791,759324,12/13,01/07/2012,33697,"FSV Frankf. U17",21051,"Mainz 05 U17",,,f
215307,196791,1764546,11/12,01/07/2011,32142,"FSV Frankf. Jgd",33697,"FSV Frankf. U17",,,f
215308,196813,5877567,25/26,20/08/2025,86,"Werder Bremen",24,Frankfurt,4500000,6000000,f
215309,196813,5004585,20/21,30/01/2021,1269,"PEC Zwolle",86,"Werder Bremen",800000,,f
215310,196813,2518495,19/20,01/07/2019,86,"Werder Bremen",1269,"PEC Zwolle",350000,,f
215311,196813,2396287,18/19,30/06/2019,28760,"A. Klagenfurt",86,"Werder Bremen",350000,,f
215312,196813,2396286,18/19,06/02/2019,86,"Werder Bremen",28760,"A. Klagenfurt",250000,,f
215313,196813,1181776,14/15,27/01/2015,66,Unterhaching,86,"Werder Bremen",150000,100000,f
215314,196813,905529,13/14,01/07/2013,8207,"U'haching U19",66,Unterhaching,,,f
215315,196813,714535,12/13,01/07/2012,33034,"U'haching U17",8207,"U'haching U19",,,f
215316,196813,1466762,11/12,01/07/2011,36747,"U'haching Yth.",33034,"U'haching U17",,,f
215317,196813,1466761,06/07,01/07/2006,53263,"Darching Yth.",36747,"U'haching Yth.",,,f
215318,196792,5911466,25/26,01/09/2025,18,Mönchengladbach,26069,Al-Qadsiah,6000000,8000000,f
215319,196792,4388719,23/24,01/07/2023,294,Benfica,18,Mönchengladbach,10000000,7180000,f
215320,196792,4051031,22/23,30/06/2023,18,Mönchengladbach,294,Benfica,10000000,,f
215321,196792,4051028,22/23,01/09/2022,294,Benfica,18,Mönchengladbach,22000000,,f
215322,196792,2739496,19/20,01/01/2020,16,Dortmund,294,Benfica,23000000,20000000,f
215323,196792,1250796,15/16,01/07/2015,72,"1860 Munich",16,Dortmund,2000000,2500000,f
215324,196792,1027319,13/14,27/02/2014,73,"1860 München II",72,"1860 Munich",100000,,f
215325,196792,858292,13/14,01/07/2013,2510,"TSV 1860 U19",73,"1860 München II",,,f
215326,196792,712441,12/13,01/07/2012,21083,"TSV 1860 U17",2510,"TSV 1860 U19",,,f
215327,196792,1349105,10/11,01/07/2010,42287,"Rosenheim Yth.",21083,"TSV 1860 U17",,,f
215328,196792,1754795,06/07,01/07/2006,100212,"O'münchen Jgd.",42287,"Rosenheim Yth.",,,f
215329,196793,4583453,23/24,14/08/2023,499,Vitesse,80,"VfL Bochum",2000000,750000,f
215330,196793,2892883,20/21,21/07/2020,65,"Greuther Fürth",499,Vitesse,800000,,f
215331,196793,1779830,17/18,01/07/2017,72,"1860 Munich",65,"Greuther Fürth",700000,,f
215332,196793,1179148,14/15,01/07/2014,2510,"TSV 1860 U19",72,"1860 Munich",50000,,f
215333,196793,899480,12/13,01/07/2012,21083,"TSV 1860 U17",2510,"TSV 1860 U19",,,f
215334,196793,736405,11/12,01/07/2011,18929,"TSV 1860 Yth.",21083,"TSV 1860 U17",,,f
215335,196793,4509338,03/04,01/07/2003,100715,"TSV Eching Jgd.",18929,"TSV 1860 Yth.",,,f
215336,196815,5022006,24/25,01/07/2024,269,"Holstein Kiel",91,"Pr. Münster",650000,,f
215337,196815,3885173,22/23,30/06/2023,109,"J. Regensburg",269,"Holstein Kiel",450000,,f
215338,196815,3885171,22/23,01/07/2022,269,"Holstein Kiel",109,"J. Regensburg",500000,,f
215339,196815,3088372,20/21,05/10/2020,89,"Union Berlin",269,"Holstein Kiel",700000,300000,f
215340,196815,2149108,18/19,01/07/2018,533,Hoffenheim,89,"Union Berlin",750000,500000,f
215341,196815,1845793,17/18,30/06/2018,109,"J. Regensburg",533,Hoffenheim,750000,,f
215342,196815,1845744,17/18,20/07/2017,533,Hoffenheim,109,"J. Regensburg",200000,,f
215343,196815,1332841,15/16,30/06/2016,60,Freiburg,533,Hoffenheim,200000,,f
215344,196815,1332840,15/16,31/08/2015,533,Hoffenheim,60,Freiburg,200000,,f
215345,196815,1147356,15/16,01/07/2015,8925,"Hoffenheim U19",533,Hoffenheim,200000,,f
215346,196815,897563,13/14,01/07/2013,21082,"Hoffenheim U17",8925,"Hoffenheim U19",,,f
215347,196815,1235529,11/12,01/07/2011,37556,"Saarbrück. Yth.",21082,"Hoffenheim U17",,,f
215348,196829,6433066,26/27,16/07/2026,234,Feyenoord,82,Wolfsburg,5000000,1000000,f
215349,196829,4420602,23/24,01/07/2023,58,"RSC Anderlecht",234,Feyenoord,2000000,1000000,f
215350,196829,4018268,22/23,30/06/2023,234,Feyenoord,58,"RSC Anderlecht",2000000,,f
215351,196829,4018267,22/23,16/08/2022,58,"RSC Anderlecht",234,Feyenoord,800000,,f
215352,196829,3505196,21/22,30/06/2022,403,"Willem II",58,"RSC Anderlecht",800000,,f
215353,196829,3505193,21/22,18/08/2021,58,"RSC Anderlecht",403,"Willem II",1000000,,f
215354,196829,2902942,20/21,01/07/2020,403,"Willem II",58,"RSC Anderlecht",1000000,,f
215355,196829,1764321,17/18,01/07/2017,33,"FC Schalke 04",403,"Willem II",300000,,f
215356,196829,1268422,15/16,30/06/2016,237,"RCD Mallorca",33,"FC Schalke 04",700000,,f
285610,808507,3388045,20/21,04/06/2021,31958,Itapirense-SP,4745,Bangu-RJ,,,f
215357,196829,1268421,15/16,01/07/2015,33,"FC Schalke 04",237,"RCD Mallorca",400000,,f
215358,196829,1066521,14/15,01/07/2014,1463,"Schalke 04 U19",33,"FC Schalke 04",100000,,f
215359,196829,896821,13/14,01/07/2013,5370,"Karlsruhe U19",1463,"Schalke 04 U19",,,f
215360,196829,727780,12/13,01/07/2012,21068,"Karlsruhe U17",5370,"Karlsruhe U19",,,f
215361,196829,2417775,07/08,01/07/2007,69776,"Beiertheim Yth.",56671,"Durlach-Aue U19",,,f
215362,196829,2417774,05/06,01/07/2005,27289,"Bulach. SC Yth.",69776,"Beiertheim Yth.",,,f
215363,196834,6329797,26/27,01/07/2026,127,"SC Paderborn",515,"Without Club",400000,,f
215364,196834,5457094,24/25,30/06/2025,91,"Pr. Münster",127,"SC Paderborn",500000,,f
215365,196834,5457093,24/25,16/01/2025,127,"SC Paderborn",91,"Pr. Münster",600000,,f
215366,196834,4410640,23/24,01/07/2023,254,"SV Sandhausen",127,"SC Paderborn",900000,,f
215367,196834,3884158,22/23,01/07/2022,41,Hamburg,254,"SV Sandhausen",1000000,,f
215368,196834,2447645,19/20,01/07/2019,269,"Holstein Kiel",41,Hamburg,3000000,3000000,f
215369,196834,1767423,17/18,01/07/2017,48,"Karlsruher SC",269,"Holstein Kiel",450000,,f
215370,196834,1419952,15/16,30/06/2016,187,"1.FC Magdeburg",48,"Karlsruher SC",300000,,f
215371,196834,1419961,15/16,28/01/2016,48,"Karlsruher SC",187,"1.FC Magdeburg",250000,,f
215372,196834,1419950,15/16,27/01/2016,24,Frankfurt,48,"Karlsruher SC",250000,,f
215373,196834,1035425,14/15,01/07/2014,5369,"Mainz 05 U19",24,Frankfurt,,,f
215374,196834,751221,12/13,01/07/2012,21051,"Mainz 05 U17",5369,"Mainz 05 U19",,,f
215375,196834,1133822,11/12,01/07/2011,37897,"SV Wehen Yth.",21051,"Mainz 05 U17",,,f
215376,197126,5911464,25/26,30/06/2026,142,"Real Zaragoza",279,Ferencváros,450000,,f
215377,197126,5911463,25/26,01/09/2025,279,Ferencváros,142,"Real Zaragoza",800000,,f
215378,197126,5158672,24/25,30/06/2025,2832,"Gaziantep FK",279,Ferencváros,800000,,f
215379,197126,5158671,24/25,30/07/2024,279,Ferencváros,2832,"Gaziantep FK",1200000,,f
215380,197126,4805510,23/24,06/01/2024,11107,Fehérvár,279,Ferencváros,1500000,600000,f
215381,197126,3517136,21/22,24/08/2021,621,"Athletic Club",11107,Fehérvár,1000000,,f
215382,197126,3224664,20/21,30/06/2021,366,"Real Valladolid",621,"Athletic Club",1000000,,f
215383,197126,3224663,20/21,28/01/2021,621,"Athletic Club",366,"Real Valladolid",1000000,,f
215384,197126,2405051,18/19,31/01/2019,190,Copenhagen,621,"Athletic Club",700000,900000,f
215385,197126,2158486,18/19,03/07/2018,39,Mainz,190,Copenhagen,2000000,1600000,f
215386,197126,2035111,17/18,30/06/2018,504,Grasshoppers,39,Mainz,2000000,,f
215387,197126,2035100,17/18,14/02/2018,39,Mainz,504,Grasshoppers,2000000,,f
215388,197126,1810260,17/18,01/07/2017,331,"CA Osasuna",39,Mainz,3000000,1750000,f
215389,197126,1064134,14/15,12/07/2014,9899,"Real Sociedad B",331,"CA Osasuna",,,f
215390,197126,681950,11/12,30/06/2012,24434,"CD Lagun Onak",9899,"Real Sociedad B",,,f
215391,197126,681949,11/12,01/02/2012,9899,"Real Sociedad B",24434,"CD Lagun Onak",,,f
215392,197126,1811372,11/12,01/07/2011,9900,"R. Sociedad U19",9899,"Real Sociedad B",,,f
215393,197126,1811373,10/11,01/07/2010,14967,"Real Sociedad Y",9900,"R. Sociedad U19",,,f
215394,196948,3920185,22/23,04/07/2022,631,Chelsea,131,Barcelona,35000000,,f
215395,196948,1283169,16/17,30/06/2017,18,Mönchengladbach,631,Chelsea,18000000,,f
215396,196948,1283168,15/16,10/07/2015,631,Chelsea,18,Mönchengladbach,1500000,,f
215397,196948,1997445,15/16,01/07/2015,9250,"Chelsea U21",631,Chelsea,1500000,,f
215398,196948,803247,13/14,01/07/2013,6918,"Chelsea U18",9250,"Chelsea U21",,,f
215399,196948,685255,12/13,01/07/2012,19982,"Bröndby IF U17",6918,"Chelsea U18",,,f
215400,196948,2071705,11/12,01/07/2011,10875,"Bröndby Youth",19982,"Bröndby IF U17",,,f
215401,196948,2845227,04/05,10/08/2004,38577,"Birkeröd Youth",10875,"Bröndby Youth",,,f
215402,197131,6363724,26/27,01/07/2026,630,Racing,515,"Without Club",150000,,f
215403,197131,4240550,22/23,24/01/2023,2497,"Real Oviedo",630,Racing,600000,,f
215404,197131,2532911,19/20,01/07/2019,11596,"AD Alcorcón",2497,"Real Oviedo",700000,,f
215405,197131,1821299,17/18,04/07/2017,13222,"CD Mirandés",11596,"AD Alcorcón",400000,,f
215406,197131,1268445,15/16,01/07/2015,681,"Real Sociedad",13222,"CD Mirandés",300000,,f
215407,197131,1112650,14/15,30/06/2015,1108,Alavés,681,"Real Sociedad",300000,,f
215408,197131,1084934,14/15,12/07/2014,9899,"Real Sociedad B",1108,Alavés,,,f
215409,197131,657000,11/12,01/07/2011,9900,"R. Sociedad U19",9899,"Real Sociedad B",,,f
215410,197221,3711707,22/23,30/06/2023,6418,Panetolikos,1044,Djurgården,750000,,f
215411,197221,3711706,21/22,25/01/2022,1044,Djurgården,6418,Panetolikos,1800000,,f
215412,197221,1284847,15/16,01/01/2016,1092,Brommapojkarna,1044,Djurgården,200000,,f
215413,197221,706855,12/13,01/01/2013,8955,"IF Bromma U19",1092,Brommapojkarna,25000,,f
215414,197300,5794132,25/26,19/07/2025,11141,Toronto,1025,Bologna,3500000,,f
215415,197300,3946037,22/23,15/07/2022,506,Juventus,11141,Toronto,10000000,,f
215416,197300,1851391,17/18,24/07/2017,430,Fiorentina,506,Juventus,30000000,40000000,f
215417,197300,943299,13/14,30/06/2014,4083,Crotone,430,Fiorentina,1200000,,f
215418,197300,943298,13/14,02/09/2013,430,Fiorentina,4083,Crotone,200000,,f
215419,197300,1376899,13/14,01/07/2013,8505,"Fiorentina U19",430,Fiorentina,200000,,f
215420,197300,626090,11/12,01/07/2011,49741,"Fiorentina U17",8505,"Fiorentina U19",,,f
215421,197300,1396178,09/10,01/07/2009,12812,"Fiorentina Yth.",49741,"Fiorentina U17",,,f
215422,197471,6344683,26/27,01/07/2026,276,"Hellas Verona",515,"Without Club",1300000,,f
215423,197471,5937667,25/26,12/09/2025,515,"Without Club",276,"Hellas Verona",1400000,,f
215424,197471,5715642,25/26,01/07/2025,2919,Monza,515,"Without Club",1400000,,f
215425,197471,4491411,23/24,07/07/2023,46,Inter,2919,Monza,4000000,,f
215426,197471,1670638,17/18,01/08/2017,800,Atalanta,46,Inter,15000000,20500000,f
215427,197471,1670625,17/18,31/07/2017,46,Inter,800,Atalanta,15000000,,f
215428,197471,1670624,16/17,11/01/2017,800,Atalanta,46,Inter,8000000,,f
215429,197471,1303085,15/16,28/01/2016,2655,Vicenza,800,Atalanta,700000,,f
215430,197471,1303084,15/16,28/07/2015,800,Atalanta,2655,Vicenza,700000,,f
215431,197471,1122763,14/15,30/06/2015,3522,"Spezia Calcio",800,Atalanta,700000,,f
215432,197471,1122762,14/15,01/09/2014,800,Atalanta,3522,"Spezia Calcio",1000000,,f
215433,197471,1001449,13/14,30/06/2014,1429,Cesena,800,Atalanta,100000,,f
215434,197471,1001448,13/14,17/01/2014,800,Atalanta,1429,Cesena,100000,,f
215435,197471,944820,13/14,01/07/2013,11998,"Atalanta U19",800,Atalanta,100000,,f
215436,197471,626916,11/12,01/07/2011,29344,"Atalanta Youth",11998,"Atalanta U19",,,f
215437,197473,5794110,25/26,19/07/2025,749,"FC Empoli",2239,Cremonese,1800000,1000000,f
215438,197473,4467631,23/24,01/07/2023,130,Parma,749,"FC Empoli",2000000,,f
215439,197473,4021502,22/23,30/06/2023,749,"FC Empoli",130,Parma,2000000,,f
215440,197473,4021501,22/23,17/08/2022,130,Parma,749,"FC Empoli",2500000,,f
215441,197473,3512336,21/22,30/06/2022,1390,Cagliari,130,Parma,2500000,,f
215442,197473,3512335,21/22,21/08/2021,130,Parma,1390,Cagliari,4500000,,f
215443,197473,2982402,20/21,01/09/2020,6195,Napoli,130,Parma,5500000,8450000,f
215444,197473,2548149,19/20,31/08/2020,130,Parma,6195,Napoli,5500000,,f
215445,197473,2224734,18/19,14/08/2018,6195,Napoli,130,Parma,7000000,,f
215446,197473,1856937,17/18,30/06/2018,2722,SPAL,6195,Napoli,7000000,,f
215447,197473,1856936,17/18,27/07/2017,6195,Napoli,2722,SPAL,3200000,,f
215448,197473,1586900,16/17,30/06/2017,800,Atalanta,6195,Napoli,3200000,,f
215449,197473,1586899,16/17,30/08/2016,6195,Napoli,800,Atalanta,4000000,,f
215450,197473,1419860,15/16,27/01/2016,800,Atalanta,6195,Napoli,2000000,8000000,f
215451,197473,1086329,14/15,01/07/2014,11998,"Atalanta U19",800,Atalanta,100000,,f
215452,197473,626961,11/12,01/07/2011,29344,"Atalanta Youth",11998,"Atalanta U19",,,f
215453,197602,5985342,25/26,14/10/2025,515,"Without Club",110302,"Avs FS",1500000,,f
215454,197602,5879512,25/26,01/07/2025,26629,"Al-Markhiya SC",515,"Without Club",1500000,,f
215455,197602,5556515,24/25,06/03/2025,515,"Without Club",26629,"Al-Markhiya SC",2000000,,f
215456,197602,5556514,24/25,31/01/2025,26091,"Al-Duhail SC",515,"Without Club",2000000,,f
215457,197602,5178490,24/25,29/01/2025,5381,"Al-Khor SC",26091,"Al-Duhail SC",2000000,,f
215458,197602,5113959,24/25,12/07/2024,26091,"Al-Duhail SC",5381,"Al-Khor SC",2500000,,f
215459,197602,5166134,23/24,30/06/2024,26629,"Al-Markhiya SC",26091,"Al-Duhail SC",2500000,,f
215460,197602,4846023,23/24,24/01/2024,26091,"Al-Duhail SC",26629,"Al-Markhiya SC",3000000,,f
215461,197602,3985272,22/23,01/08/2022,683,Olympiacos,26091,"Al-Duhail SC",5000000,3500000,f
215462,197602,3723850,21/22,30/06/2022,720,Porto,683,Olympiacos,5000000,,f
215463,197602,3723849,21/22,31/01/2022,683,Olympiacos,720,Porto,5000000,,f
215464,197602,2524975,19/20,01/07/2019,1050,Villarreal,683,Olympiacos,2000000,4500000,f
215465,197602,2386196,18/19,30/06/2019,2425,"Rio Ave",1050,Villarreal,2000000,,f
215466,197602,2184712,18/19,30/01/2019,1050,Villarreal,2425,"Rio Ave",1000000,,f
215467,197602,2386195,18/19,29/01/2019,5358,"SD Huesca",1050,Villarreal,1000000,,f
215468,197602,2184711,18/19,19/07/2018,1050,Villarreal,5358,"SD Huesca",1000000,,f
215469,197602,1785900,17/18,01/07/2017,336,Sporting,1050,Villarreal,9000000,14000000,f
215470,197602,1317489,15/16,30/01/2016,1085,"Vitória Setúbal",336,Sporting,400000,,f
215471,197602,1317812,15/16,15/08/2015,336,Sporting,1085,"Vitória Setúbal",,,f
215472,197602,1333627,15/16,01/07/2015,10949,"Sporting B",336,Sporting,,,f
215473,197602,1117169,14/15,30/06/2015,13225,"Reus Deportiu",10949,"Sporting B",,,f
215474,197602,1117168,14/15,24/08/2014,10949,"Sporting B",13225,"Reus Deportiu",1000000,,f
215475,197602,1284357,13/14,01/07/2013,10283,"Sporting U19",10949,"Sporting B",,,f
215476,197602,1307103,11/12,01/07/2011,48365,"Sporting U17",10283,"Sporting U19",,,f
215477,197602,1923084,09/10,01/01/2010,103427,"CF Benfica S17",48365,"Sporting U17",,,f
215478,197602,6028722,09/10,01/07/2009,2113,"Career break",103427,"CF Benfica S17",,,f
215479,197602,6028723,07/08,01/07/2007,94719,"Sacavenense F.",2113,"Career break",,,f
215480,197642,6298287,26/27,01/07/2026,610,Ajax,677,Ipswich,3500000,9300000,f
215481,197642,5852004,25/26,30/06/2026,677,Ipswich,610,Ajax,3500000,,f
215482,197642,5852003,25/26,10/08/2025,610,Ajax,677,Ipswich,7000000,,f
215483,197642,5496637,24/25,30/06/2025,1082,Lille,610,Ajax,7000000,,f
215484,197642,5496636,24/25,02/02/2025,610,Ajax,1082,Lille,8000000,,f
215485,197642,4588158,23/24,16/08/2023,641,Middlesbrough,610,Ajax,12000000,12300000,f
215486,197642,3518977,21/22,30/06/2022,1091,PAOK,641,Middlesbrough,3200000,,f
215487,197642,3518976,21/22,25/08/2021,641,Middlesbrough,1091,PAOK,3200000,,f
215488,197642,3067946,20/21,19/09/2020,1091,PAOK,641,Middlesbrough,3200000,4320000,f
215489,197642,2207930,18/19,03/08/2018,11,Arsenal,1091,PAOK,1200000,2200000,f
215490,197642,2023113,17/18,30/06/2018,475,Sint-Truiden,11,Arsenal,1200000,,f
215491,197642,2023112,17/18,31/01/2018,11,Arsenal,475,Sint-Truiden,1000000,,f
215492,197642,1690583,16/17,31/05/2017,1237,Brighton,11,Arsenal,1000000,,f
215493,197642,1690582,16/17,30/01/2017,11,Arsenal,1237,Brighton,1000000,,f
215494,197642,1309172,15/16,31/05/2016,3008,"Hull City",11,Arsenal,1000000,,f
215495,197642,1309171,15/16,04/08/2015,11,Arsenal,3008,"Hull City",1000000,,f
215496,197642,996236,15/16,01/07/2015,9249,"Arsenal U21",11,Arsenal,1000000,,f
215497,197642,1219389,14/15,31/05/2015,703,"Nott'm Forest",9249,"Arsenal U21",1000000,,f
215498,197642,1219388,14/15,26/03/2015,9249,"Arsenal U21",703,"Nott'm Forest",1000000,,f
215499,197642,1026083,13/14,24/03/2014,990,Coventry,9249,"Arsenal U21",250000,,f
215500,197642,1026082,13/14,14/02/2014,9249,"Arsenal U21",990,Coventry,250000,,f
215501,197642,996238,13/14,10/02/2014,1148,Brentford,9249,"Arsenal U21",250000,,f
215502,197642,996237,13/14,09/01/2014,9249,"Arsenal U21",1148,Brentford,250000,,f
215503,197642,3290094,13/14,01/07/2013,5679,"Arsenal U18",9249,"Arsenal U21",,,f
215504,197642,6325410,10/11,01/07/2010,50683,"Arsenal Youth",5679,"Arsenal U18",,,f
215505,197693,5781106,25/26,15/07/2025,984,"West Brom",1020,Portsmouth,2800000,,f
215506,197693,3863271,22/23,01/07/2022,1032,Reading,984,"West Brom",7000000,,f
215507,197693,1535845,16/17,14/07/2016,9250,"Chelsea U23",1032,Reading,750000,,f
215508,197693,1354105,15/16,31/05/2016,1148,Brentford,9250,"Chelsea U21",750000,,f
215509,197693,1354104,15/16,01/10/2015,9250,"Chelsea U21",1148,Brentford,250000,,f
215510,197693,1167238,14/15,10/05/2015,352,"Swindon Town",9250,"Chelsea U21",250000,,f
215511,197693,1167237,14/15,03/01/2015,9250,"Chelsea U21",352,"Swindon Town",250000,,f
215512,197693,1151869,14/15,14/11/2014,1194,Rotherham,9250,"Chelsea U21",250000,,f
215513,197693,1101123,14/15,01/08/2014,9250,"Chelsea U21",1194,Rotherham,250000,,f
215514,197693,840491,13/14,01/07/2013,6918,"Chelsea U18",9250,"Chelsea U21",,,f
215515,197747,3937982,22/23,12/07/2022,5,"AC Milan",398,Lazio,17000000,,f
215516,197747,1315989,15/16,11/08/2015,12,Roma,5,"AC Milan",8500000,25000000,f
215517,197747,1122243,14/15,30/06/2015,1038,Sampdoria,12,Roma,6500000,,f
215518,197747,1122242,14/15,01/09/2014,12,Roma,1038,Sampdoria,3000000,,f
215519,197747,741405,12/13,01/07/2012,11997,"Roma U19",12,Roma,100000,,f
215520,197747,629604,11/12,01/07/2011,25545,"AS Rom Youth",11997,"Roma U19",,,f
215521,197838,6344687,26/27,01/07/2026,2239,Cremonese,515,"Without Club",1000000,,f
215522,197838,5912160,25/26,01/09/2025,1003,Leicester,2239,Cremonese,1000000,,f
215523,197838,5044925,12/13,01/07/2012,11177,Fleetwood,1003,Leicester,100000,1240000,f
215524,197838,627948,11/12,26/08/2011,1127,"Halifax Town",11177,Fleetwood,,170000,f
215525,197838,627949,10/11,01/07/2010,22828,Stocksbridge,1127,"Halifax Town",,18000,f
215526,197838,1034966,03/04,01/07/2003,14488,"Sheff Wed U18",22828,Stocksbridge,,,f
215527,197860,4402813,23/24,01/07/2023,238,"Lech Poznan",6070,Al-Khaleej,700000,,f
215528,197860,3514885,21/22,23/08/2021,855,Guingamp,238,"Lech Poznan",1500000,150000,f
215529,197860,3202268,20/21,30/06/2021,2995,"Paços Ferreira",855,Guingamp,1500000,,f
215530,197860,3202267,20/21,12/01/2021,855,Guingamp,2995,"Paços Ferreira",1400000,,f
215531,197860,2597392,19/20,18/06/2020,114,Besiktas,855,Guingamp,1700000,,f
215532,197860,2597391,19/20,12/08/2019,855,Guingamp,114,Besiktas,6000000,,f
215533,197860,1799835,17/18,02/07/2017,294,Benfica,855,Guingamp,1500000,550000,f
215534,197860,1802979,17/18,01/07/2017,979,"Moreirense ",294,Benfica,1500000,150000,f
215535,197860,1522312,16/17,01/07/2016,10330,"Benfica B",979,"Moreirense ",850000,,f
215536,197860,921547,14/15,01/07/2014,8889,"Benfica U19",10330,"Benfica B",150000,,f
215537,197860,1732130,12/13,01/07/2012,45618,"Benfica U17",8889,"Benfica U19",,,f
215538,197860,1732131,10/11,01/07/2010,53954,"Benfica U15",45618,"Benfica U17",,,f
215539,197860,1732132,08/09,01/07/2008,53955,"Benfica Yth",53954,"Benfica U15",,,f
215540,197929,6412784,26/27,08/07/2026,398,Lazio,46,Inter,3000000,3000000,f
215541,197929,4001450,22/23,08/08/2022,3522,"Spezia Calcio",398,Lazio,3500000,2550000,f
215542,197929,3088620,20/21,05/10/2020,749,Empoli,3522,"Spezia Calcio",400000,,f
215543,197929,2768245,19/20,31/08/2020,5587,"Juve Stabia",749,"FC Empoli",400000,,f
215544,197929,2768244,19/20,22/01/2020,749,"FC Empoli",5587,"Juve Stabia",450000,,f
215545,197929,1831073,17/18,11/07/2017,862,"Chievo Verona",749,"FC Empoli",800000,1200000,f
215546,197929,1529283,16/17,30/06/2017,26789,"Pro Vercelli",862,"Chievo Verona",800000,,f
215547,197929,1529282,16/17,08/07/2016,862,"Chievo Verona",26789,"Pro Vercelli",400000,,f
215548,197929,1296326,15/16,30/06/2016,1385,Modena,862,"Chievo Verona",400000,,f
215549,197929,1296325,15/16,23/07/2015,862,"Chievo Verona",1385,Modena,450000,,f
215550,197929,1082587,14/15,30/06/2015,839,Perugia,862,"Chievo Verona",450000,,f
215551,197929,1082586,14/15,03/07/2014,862,"Chievo Verona",839,Perugia,250000,,f
215552,197929,906468,13/14,30/06/2014,4172,"AC Pisa",862,"Chievo Verona",250000,,f
215553,197929,906467,13/14,11/07/2013,14845,"Chievo U19",4172,"AC Pisa",75000,,f
215554,197929,772871,12/13,22/08/2012,10959,"Udinese U19",14845,"Chievo U19",75000,,f
215555,197929,628261,11/12,01/07/2011,28874,"Udinese Youth",10959,"Udinese U19",,,f
215556,197929,6091449,10/11,01/07/2010,75,Unknown,28874,"Udinese Youth",,,f
215557,197929,6091450,09/10,01/07/2009,75129,"Pordenone Gio.",75,Unknown,,,f
215558,197929,6091451,08/09,01/07/2008,55741,"Treviso Gio.",75129,"Pordenone Gio.",,,f
215559,198006,6355540,26/27,01/07/2026,3329,Famalicão,515,"Without Club",1000000,,f
215560,198006,5243558,24/25,02/09/2024,1091,PAOK,3329,Famalicão,1200000,,f
215561,198006,3875298,22/23,01/07/2022,2420,"Vit. Guimarães",1091,PAOK,2000000,,f
215562,198006,2780171,20/21,30/06/2021,1533,"SD Eibar",2420,"Vit. Guimarães",1600000,,f
215563,198006,2780169,19/20,31/01/2020,2420,"Vit. Guimarães",1533,"SD Eibar",3000000,,f
215564,198006,2162565,18/19,05/07/2018,720,Porto,2420,"Vit. Guimarães",1500000,,f
215565,198006,2275338,18/19,01/07/2018,7378,Portimonense,720,Porto,1500000,1500000,f
215566,198006,2023417,17/18,31/01/2018,720,Porto,7378,Portimonense,2000000,,f
215567,198006,1889262,17/18,30/01/2018,931,Fulham,720,Porto,2000000,,f
215568,198006,1889261,17/18,22/08/2017,720,Porto,931,Fulham,2000000,,f
215569,198006,1539700,16/17,30/06/2017,2425,"Rio Ave",720,Porto,2000000,,f
215570,198006,1539699,16/17,15/07/2016,720,Porto,2425,"Rio Ave",1000000,,f
215571,198006,1940430,16/17,01/07/2016,10331,"FC Porto B",720,Porto,1000000,,f
215572,198006,1407321,15/16,30/06/2016,2990,Coimbra,10331,"FC Porto B",1000000,,f
215573,198006,1407320,15/16,15/01/2016,10331,"FC Porto B",2990,Coimbra,900000,,f
215574,198006,926659,13/14,01/07/2013,9844,"FC Porto U19",10331,"FC Porto B",,,f
215575,198006,1222801,12/13,01/07/2012,47962,"FC Porto U17",9844,"FC Porto U19",,,f
215576,198006,1713937,10/11,01/07/2010,56765,"FC Porto U15",47962,"FC Porto U17",,,f
215577,198006,1713938,08/09,01/07/2008,56766,"FC Porto Youth",56765,"FC Porto U15",,,f
215578,198008,6352395,26/27,01/07/2026,1531,"Elche CF",720,Porto,3000000,,f
215579,198008,5872097,25/26,18/08/2025,23826,Leipzig,1531,"Elche CF",4000000,1000000,f
215580,198008,5498250,24/25,30/06/2025,86,"Werder Bremen",23826,Leipzig,4000000,,f
215581,198008,5498249,24/25,03/02/2025,23826,Leipzig,86,"Werder Bremen",5000000,,f
215582,198008,4552301,23/24,30/06/2024,681,"Real Sociedad",23826,Leipzig,6000000,,f
215583,198008,4552300,23/24,02/08/2023,23826,Leipzig,681,"Real Sociedad",15000000,,f
215584,198008,3420383,21/22,02/07/2021,24,Frankfurt,23826,Leipzig,45000000,23000000,f
215585,198008,3055638,20/21,10/09/2020,5,"AC Milan",24,Frankfurt,24000000,3000000,f
215586,198008,2631895,20/21,09/09/2020,24,Frankfurt,5,"AC Milan",24000000,,f
215587,198008,2631896,19/20,02/09/2019,5,"AC Milan",24,Frankfurt,22000000,,f
215588,198008,2220870,18/19,30/06/2019,368,"Sevilla FC",5,"AC Milan",22000000,,f
215589,198008,2220869,18/19,11/08/2018,5,"AC Milan",368,"Sevilla FC",22000000,,f
215590,198008,1790981,17/18,01/07/2017,720,Porto,5,"AC Milan",22000000,38000000,f
215591,198008,1521992,16/17,01/07/2016,10331,"FC Porto B",720,Porto,2000000,,f
215592,198008,904260,13/14,01/07/2013,9844,"FC Porto U19",10331,"FC Porto B",,,f
215593,198008,1255886,12/13,01/07/2012,47962,"FC Porto U17",9844,"FC Porto U19",,,f
215594,198008,1790829,11/12,01/07/2011,57748,"Padroense U17",47962,"FC Porto U17",,,f
215595,198008,3548571,10/11,01/07/2010,92998,"Salgueiros Y15",57748,"Padroense U17",,,f
215596,198008,3548572,08/09,01/07/2008,54532,"Boavista CJ",92998,"Salgueiros Y15",,,f
215597,198008,3548573,07/08,01/07/2007,92999,"Salgueiros Y",54532,"Boavista CJ",,,f
215598,198015,5845866,25/26,30/06/2026,1532,Albacete,683,Olympiacos,500000,,f
215599,198015,5845867,25/26,08/08/2025,683,Olympiacos,1532,Albacete,750000,,f
215600,198015,5483137,24/25,30/06/2025,3385,Panserraikos,683,Olympiacos,750000,,f
215601,198015,5483136,24/25,28/01/2025,683,Olympiacos,3385,Panserraikos,750000,,f
215602,198015,5483125,24/25,27/01/2025,3385,Panserraikos,683,Olympiacos,750000,500000,f
215603,198015,4775981,23/24,01/01/2024,7769,"CFR Cluj",3385,Panserraikos,850000,,f
215604,198015,4200333,22/23,30/06/2023,45457,Pafos,7769,"CFR Cluj",1000000,,f
215605,198015,4198882,22/23,02/01/2023,7769,"CFR Cluj",45457,Pafos,1400000,,f
215606,198015,3891483,22/23,01/07/2022,29831,"FCV Farul",7769,"CFR Cluj",1600000,300000,f
215607,198015,3430343,21/22,09/07/2021,40843,"FC Voluntari",29831,"FCV Farul",500000,,f
215608,198015,3023597,20/21,22/09/2020,266,"SV Ried",40843,"FC Voluntari",350000,,f
215609,198015,2517229,19/20,01/07/2019,856,"SV Mattersburg",266,"SV Ried",175000,,f