player_id,player_name,date,value_eur,lower_eur,upper_eur,source,team_id,team_name,is_period_start
184533,Koke,2014-12-31,65540000,49160000,81930000,scisports,9906,"Atletico Madrid",t
184533,Koke,2015-06-30,59750000,44820000,74690000,scisports,9906,"Atletico Madrid",f
184533,Koke,2015-12-31,53970000,40480000,67460000,scisports,9906,"Atletico Madrid",f
184533,Koke,2016-06-30,52170000,39130000,65220000,scisports,9906,"Atletico Madrid",f
184533,Koke,2016-12-31,50380000,37780000,62970000,scisports,9906,"Atletico Madrid",f
184533,Koke,2017-06-30,51200000,38400000,64010000,scisports,9906,"Atletico Madrid",f
184533,Koke,2017-12-31,52030000,39020000,65040000,scisports,9906,"Atletico Madrid",f
184533,Koke,2018-06-30,54760000,41070000,68440000,scisports,9906,"Atletico Madrid",f
184533,Koke,2018-12-31,57480000,43110000,71850000,scisports,9906,"Atletico Madrid",f
184533,Koke,2019-06-30,44350000,33260000,55440000,scisports,9906,"Atletico Madrid",f
184533,Koke,2019-12-31,31230000,23420000,39030000,scisports,9906,"Atletico Madrid",f
184533,Koke,2020-06-30,34900000,26180000,43630000,scisports,9906,"Atletico Madrid",f
184533,Koke,2020-12-31,38570000,28930000,48220000,scisports,9906,"Atletico Madrid",f
184533,Koke,2021-06-30,46500000,34870000,58120000,scisports,9906,"Atletico Madrid",f
184533,Koke,2021-10-31,54420000,40820000,68030000,scisports,9906,"Atletico Madrid",f
184533,Koke,2021-11-30,54690000,41020000,68370000,scisports,9906,"Atletico Madrid",f
184533,Koke,2021-12-31,53330000,40000000,66660000,scisports,9906,"Atletico Madrid",f
184533,Koke,2022-01-31,50970000,38230000,63710000,scisports,9906,"Atletico Madrid",f
184533,Koke,2022-02-28,46200000,34650000,57760000,scisports,9906,"Atletico Madrid",f
184533,Koke,2022-03-31,43570000,32680000,54470000,scisports,9906,"Atletico Madrid",f
184533,Koke,2022-04-30,39570000,29680000,49460000,scisports,9906,"Atletico Madrid",f
184533,Koke,2022-05-31,37590000,28190000,46990000,scisports,9906,"Atletico Madrid",f
184533,Koke,2022-06-30,35120000,26340000,43900000,scisports,9906,"Atletico Madrid",f
184533,Koke,2022-07-31,33510000,25130000,41880000,scisports,9906,"Atletico Madrid",f
184533,Koke,2022-08-31,31410000,23560000,39270000,scisports,9906,"Atletico Madrid",f
184533,Koke,2022-09-04,28740000,21550000,35920000,scisports,9906,"Atletico Madrid",f
184533,Koke,2022-09-30,27430000,20570000,34280000,scisports,9906,"Atletico Madrid",f
184533,Koke,2022-10-31,26340000,19760000,32930000,scisports,9906,"Atletico Madrid",f
184533,Koke,2022-11-30,26370000,19780000,32960000,scisports,9906,"Atletico Madrid",f
184533,Koke,2022-12-31,26240000,19680000,32800000,scisports,9906,"Atletico Madrid",f
184533,Koke,2023-01-31,25770000,19330000,32210000,scisports,9906,"Atletico Madrid",f
184533,Koke,2023-02-28,25450000,19090000,31820000,scisports,9906,"Atletico Madrid",f
184533,Koke,2023-03-31,25240000,18930000,31550000,scisports,9906,"Atletico Madrid",f
184533,Koke,2023-04-30,25090000,18820000,31360000,scisports,9906,"Atletico Madrid",f
184533,Koke,2023-05-31,24890000,18660000,31110000,scisports,9906,"Atletico Madrid",f
184533,Koke,2023-06-30,21880000,16410000,27350000,scisports,9906,"Atletico Madrid",f
184533,Koke,2023-07-31,20070000,15050000,25080000,scisports,9906,"Atletico Madrid",f
184533,Koke,2023-09-01,17590000,13190000,21980000,scisports,9906,"Atletico Madrid",f
184533,Koke,2023-09-30,16030000,12020000,20030000,scisports,9906,"Atletico Madrid",f
184533,Koke,2023-10-31,15370000,11530000,19210000,scisports,9906,"Atletico Madrid",f
184533,Koke,2023-11-30,14900000,11180000,18630000,scisports,9906,"Atletico Madrid",f
184533,Koke,2023-12-31,12790000,9600000,15990000,scisports,9906,"Atletico Madrid",f
184533,Koke,2024-01-31,9600000,8160000,11040000,scisports,9906,"Atletico Madrid",f
184533,Koke,2024-02-29,8374167,7118042,9630292,scisports,9906,"Atletico Madrid",f
184533,Koke,2024-03-31,7396500,6287025,8505975,scisports,9906,"Atletico Madrid",f
184533,Koke,2024-04-30,7368056,6262848,8473265,scisports,9906,"Atletico Madrid",f
184533,Koke,2024-05-31,8016886,6814353,9219420,scisports,9906,"Atletico Madrid",f
184533,Koke,2024-06-30,6814353,5792200,7836505,scisports,9906,"Atletico Madrid",f
184533,Koke,2024-07-31,5934413,5044251,6824575,scisports,9906,"Atletico Madrid",f
184533,Koke,2024-08-31,5283761,4491197,6076325,scisports,9906,"Atletico Madrid",f
184533,Koke,2024-09-30,5290049,4496542,6083557,scisports,9906,"Atletico Madrid",f
184533,Koke,2024-10-31,5706745,4850733,6562756,scisports,9906,"Atletico Madrid",f
184533,Koke,2024-11-30,6562756,5578342,7547169,scisports,9906,"Atletico Madrid",f
184533,Koke,2024-12-31,6061141,5151969,6970312,scisports,9906,"Atletico Madrid",f
184533,Koke,2025-01-30,5937181,5046604,6827758,scisports,9906,"Atletico Madrid",f
184533,Koke,2025-02-27,6093333,5179333,7007332,scisports,9906,"Atletico Madrid",f
184533,Koke,2025-03-30,6093333,5179333,7007332,scisports,9906,"Atletico Madrid",f
184533,Koke,2025-04-30,5344214,4542582,6145847,scisports,9906,"Atletico Madrid",f
184533,Koke,2025-05-31,5240719,4454611,6026827,scisports,9906,"Atletico Madrid",f
184533,Koke,2025-07-01,4101624,3281299,4921949,scisports,9906,"Atletico Madrid",f
184533,Koke,2025-08-01,4101624,3281299,4921949,scisports,9906,"Atletico Madrid",f
184533,Koke,2025-09-01,4081437,3265149,4897724,scisports,9906,"Atletico Madrid",f
184533,Koke,2025-10-01,3860135,3088108,4632162,scisports,9906,"Atletico Madrid",f
184533,Koke,2025-11-01,3941820,3153456,4730184,scisports,9906,"Atletico Madrid",f
184533,Koke,2025-12-01,3568238,2854590,4281885,scisports,9906,"Atletico Madrid",f
184533,Koke,2026-01-01,3705183,2964146,4446220,scisports,9906,"Atletico Madrid",f
184533,Koke,2026-02-01,3661497,2929197,4393796,scisports,9906,"Atletico Madrid",f
184533,Koke,2026-03-01,3693213,2954570,4431855,scisports,9906,"Atletico Madrid",f
184533,Koke,2026-04-01,3678434,2942747,4414121,scisports,9906,"Atletico Madrid",f
440330,"Alexander S\\u00f8rloth",2014-12-31,220000,170000,280000,scisports,8402,"Bod\\u00f8/Glimt",t
440330,"Alexander S\\u00f8rloth",2015-06-30,890000,670000,1110000,scisports,8402,"Bod\\u00f8/Glimt",f
440330,"Alexander S\\u00f8rloth",2015-12-31,1560000,1170000,1940000,scisports,8674,"FC Groningen",t
440330,"Alexander S\\u00f8rloth",2016-06-30,1520000,1140000,1900000,scisports,8674,"FC Groningen",f
440330,"Alexander S\\u00f8rloth",2016-12-31,1480000,1110000,1850000,scisports,8674,"FC Groningen",f
440330,"Alexander S\\u00f8rloth",2017-06-30,2560000,1920000,3200000,scisports,8113,"FC Midtjylland",t
440330,"Alexander S\\u00f8rloth",2017-12-31,3640000,2730000,4550000,scisports,9826,"Crystal Palace",t
440330,"Alexander S\\u00f8rloth",2018-06-30,4140000,3100000,5170000,scisports,9826,"Crystal Palace",f
440330,"Alexander S\\u00f8rloth",2018-12-31,4640000,3480000,5800000,scisports,9991,Gent,t
440330,"Alexander S\\u00f8rloth",2019-06-30,6630000,4980000,8290000,scisports,9752,Trabzonspor,t
440330,"Alexander S\\u00f8rloth",2019-12-31,8630000,6470000,10790000,scisports,9752,Trabzonspor,f
440330,"Alexander S\\u00f8rloth",2020-06-30,18810000,14100000,23510000,scisports,9752,Trabzonspor,f
440330,"Alexander S\\u00f8rloth",2020-12-31,28980000,21730000,36220000,scisports,178475,"RB Leipzig",t
440330,"Alexander S\\u00f8rloth",2021-06-30,22850000,17130000,28560000,scisports,8560,"Real Sociedad",t
440330,"Alexander S\\u00f8rloth",2021-10-31,16710000,12530000,20890000,scisports,8560,"Real Sociedad",f
440330,"Alexander S\\u00f8rloth",2021-11-30,15240000,11430000,19050000,scisports,8560,"Real Sociedad",f
440330,"Alexander S\\u00f8rloth",2021-12-31,14070000,10550000,17590000,scisports,8560,"Real Sociedad",f
440330,"Alexander S\\u00f8rloth",2022-01-31,13170000,9880000,16460000,scisports,8560,"Real Sociedad",f
440330,"Alexander S\\u00f8rloth",2022-02-28,12850000,9640000,16070000,scisports,8560,"Real Sociedad",f
440330,"Alexander S\\u00f8rloth",2022-03-31,16770000,12570000,20960000,scisports,8560,"Real Sociedad",f
440330,"Alexander S\\u00f8rloth",2022-04-30,17140000,12850000,21420000,scisports,8560,"Real Sociedad",f
440330,"Alexander S\\u00f8rloth",2022-05-31,18680000,14010000,23350000,scisports,8560,"Real Sociedad",f
440330,"Alexander S\\u00f8rloth",2022-06-30,19900000,14920000,24870000,scisports,178475,"RB Leipzig",t
440330,"Alexander S\\u00f8rloth",2022-07-31,20780000,15580000,25970000,scisports,178475,"RB Leipzig",f
440330,"Alexander S\\u00f8rloth",2022-08-31,21310000,15980000,26630000,scisports,8560,"Real Sociedad",t
440330,"Alexander S\\u00f8rloth",2022-09-04,20290000,15220000,25370000,scisports,8560,"Real Sociedad",f
440330,"Alexander S\\u00f8rloth",2022-09-30,19790000,14840000,24740000,scisports,8560,"Real Sociedad",f
440330,"Alexander S\\u00f8rloth",2022-10-31,18720000,14040000,23400000,scisports,8560,"Real Sociedad",f
440330,"Alexander S\\u00f8rloth",2022-11-30,18720000,14040000,23400000,scisports,8560,"Real Sociedad",f
440330,"Alexander S\\u00f8rloth",2022-12-31,18710000,14030000,23390000,scisports,8560,"Real Sociedad",f
440330,"Alexander S\\u00f8rloth",2023-01-31,19180000,14390000,23980000,scisports,8560,"Real Sociedad",f
440330,"Alexander S\\u00f8rloth",2023-02-28,20230000,15180000,25290000,scisports,8560,"Real Sociedad",f
440330,"Alexander S\\u00f8rloth",2023-03-31,21200000,15900000,26510000,scisports,8560,"Real Sociedad",f
440330,"Alexander S\\u00f8rloth",2023-04-30,21450000,16080000,26810000,scisports,8560,"Real Sociedad",f
440330,"Alexander S\\u00f8rloth",2023-05-31,21730000,16300000,27160000,scisports,8560,"Real Sociedad",f
440330,"Alexander S\\u00f8rloth",2023-06-30,20440000,15330000,25550000,scisports,178475,"RB Leipzig",t
440330,"Alexander S\\u00f8rloth",2023-07-31,30220000,22670000,37780000,scisports,10205,Villarreal,t
440330,"Alexander S\\u00f8rloth",2023-09-01,30610000,22960000,38270000,scisports,10205,Villarreal,f
440330,"Alexander S\\u00f8rloth",2023-09-30,32280000,24210000,40350000,scisports,10205,Villarreal,f
440330,"Alexander S\\u00f8rloth",2023-10-31,32590000,24440000,40740000,scisports,10205,Villarreal,f
440330,"Alexander S\\u00f8rloth",2023-11-30,34800000,26100000,43500000,scisports,10205,Villarreal,f
440330,"Alexander S\\u00f8rloth",2023-12-31,35280000,26460000,44100000,scisports,10205,Villarreal,f
440330,"Alexander S\\u00f8rloth",2024-01-31,26460000,23814000,29106000,scisports,10205,Villarreal,f
440330,"Alexander S\\u00f8rloth",2024-02-29,25021907,22519716,27524098,scisports,10205,Villarreal,f
440330,"Alexander S\\u00f8rloth",2024-03-31,24145714,21731142,26560285,scisports,10205,Villarreal,f
440330,"Alexander S\\u00f8rloth",2024-04-30,24005028,21604525,26405531,scisports,10205,Villarreal,f
440330,"Alexander S\\u00f8rloth",2024-05-31,26002780,23402502,28603058,scisports,10205,Villarreal,f
440330,"Alexander S\\u00f8rloth",2024-06-30,25416323,22874690,27957955,scisports,10205,Villarreal,f
440330,"Alexander S\\u00f8rloth",2024-07-31,25416323,22874690,27957955,scisports,9906,"Atletico Madrid",t
440330,"Alexander S\\u00f8rloth",2024-08-31,25424426,22881983,27966868,scisports,9906,"Atletico Madrid",f
440330,"Alexander S\\u00f8rloth",2024-09-30,24366107,21929497,26802718,scisports,9906,"Atletico Madrid",f
440330,"Alexander S\\u00f8rloth",2024-10-31,24475831,22028248,26923415,scisports,9906,"Atletico Madrid",f
440330,"Alexander S\\u00f8rloth",2024-11-30,24475831,22028248,26923415,scisports,9906,"Atletico Madrid",f
440330,"Alexander S\\u00f8rloth",2024-12-31,24475831,22028248,26923415,scisports,9906,"Atletico Madrid",f
440330,"Alexander S\\u00f8rloth",2025-01-30,24345981,21911383,26780579,scisports,9906,"Atletico Madrid",f
440330,"Alexander S\\u00f8rloth",2025-02-27,24475831,22028248,26923415,scisports,9906,"Atletico Madrid",f
440330,"Alexander S\\u00f8rloth",2025-03-30,24430767,21987691,26873844,scisports,9906,"Atletico Madrid",f
440330,"Alexander S\\u00f8rloth",2025-04-30,24126406,21713765,26539046,scisports,9906,"Atletico Madrid",f
440330,"Alexander S\\u00f8rloth",2025-05-31,24126406,21713765,26539046,scisports,9906,"Atletico Madrid",f
440330,"Alexander S\\u00f8rloth",2025-07-01,24256256,21830630,26681882,scisports,9906,"Atletico Madrid",f
440330,"Alexander S\\u00f8rloth",2025-08-01,24256256,21830630,26681882,scisports,9906,"Atletico Madrid",f
440330,"Alexander S\\u00f8rloth",2025-09-01,24126406,21713765,26539046,scisports,9906,"Atletico Madrid",f
440330,"Alexander S\\u00f8rloth",2025-10-01,24126406,21713765,26539046,scisports,9906,"Atletico Madrid",f
440330,"Alexander S\\u00f8rloth",2025-11-01,23999313,21599381,26399244,scisports,9906,"Atletico Madrid",f
440330,"Alexander S\\u00f8rloth",2025-12-01,23743383,21369045,26117722,scisports,9906,"Atletico Madrid",f
440330,"Alexander S\\u00f8rloth",2026-01-01,23354457,21019011,25689902,scisports,9906,"Atletico Madrid",f
191315,Isco,2022-10-31,14880000,11160000,18590000,scisports,8302,Sevilla,f
440330,"Alexander S\\u00f8rloth",2026-02-01,23354457,21019011,25689902,scisports,9906,"Atletico Madrid",f
440330,"Alexander S\\u00f8rloth",2026-03-01,23205928,20885335,25526521,scisports,9906,"Atletico Madrid",f
440330,"Alexander S\\u00f8rloth",2026-04-01,23205928,20885335,25526521,scisports,9906,"Atletico Madrid",f
536455,"Gon\\u00e7alo Guedes",2014-12-31,570000,430000,710000,scisports,9772,Benfica,t
536455,"Gon\\u00e7alo Guedes",2015-06-30,5980000,4490000,7480000,scisports,9772,Benfica,f
536455,"Gon\\u00e7alo Guedes",2015-12-31,11400000,8550000,14250000,scisports,9772,Benfica,f
536455,"Gon\\u00e7alo Guedes",2016-06-30,13790000,10350000,17240000,scisports,9772,Benfica,f
536455,"Gon\\u00e7alo Guedes",2016-12-31,16190000,12140000,20240000,scisports,9847,"Paris Saint-Germain",t
536455,"Gon\\u00e7alo Guedes",2017-06-30,16900000,12680000,21130000,scisports,10267,Valencia,t
536455,"Gon\\u00e7alo Guedes",2017-12-31,17620000,13210000,22020000,scisports,10267,Valencia,f
536455,"Gon\\u00e7alo Guedes",2018-06-30,23450000,17590000,29310000,scisports,10267,Valencia,f
536455,"Gon\\u00e7alo Guedes",2018-12-31,29280000,21960000,36600000,scisports,10267,Valencia,f
536455,"Gon\\u00e7alo Guedes",2019-06-30,23990000,17990000,29990000,scisports,10267,Valencia,f
536455,"Gon\\u00e7alo Guedes",2019-12-31,18710000,14030000,23380000,scisports,10267,Valencia,f
536455,"Gon\\u00e7alo Guedes",2020-06-30,19670000,14760000,24590000,scisports,10267,Valencia,f
536455,"Gon\\u00e7alo Guedes",2020-12-31,20640000,15480000,25800000,scisports,10267,Valencia,f
536455,"Gon\\u00e7alo Guedes",2021-06-30,20150000,15120000,25190000,scisports,10267,Valencia,f
536455,"Gon\\u00e7alo Guedes",2021-10-31,19670000,14750000,24580000,scisports,10267,Valencia,f
536455,"Gon\\u00e7alo Guedes",2021-11-30,20850000,15640000,26070000,scisports,10267,Valencia,f
536455,"Gon\\u00e7alo Guedes",2021-12-31,21200000,15900000,26510000,scisports,10267,Valencia,f
536455,"Gon\\u00e7alo Guedes",2022-01-31,21870000,16400000,27330000,scisports,10267,Valencia,f
536455,"Gon\\u00e7alo Guedes",2022-02-28,22950000,17210000,28690000,scisports,10267,Valencia,f
536455,"Gon\\u00e7alo Guedes",2022-03-31,24310000,18230000,30390000,scisports,10267,Valencia,f
536455,"Gon\\u00e7alo Guedes",2022-04-30,26630000,19970000,33290000,scisports,10267,Valencia,f
536455,"Gon\\u00e7alo Guedes",2022-05-31,28930000,21700000,36160000,scisports,10267,Valencia,f
536455,"Gon\\u00e7alo Guedes",2022-06-30,28530000,21400000,35670000,scisports,10267,Valencia,f
536455,"Gon\\u00e7alo Guedes",2022-07-31,32260000,24200000,40330000,scisports,8602,"Wolverhampton Wanderers",t
536455,"Gon\\u00e7alo Guedes",2022-08-31,38980000,29230000,48720000,scisports,8602,"Wolverhampton Wanderers",f
536455,"Gon\\u00e7alo Guedes",2022-09-04,41650000,31240000,52060000,scisports,8602,"Wolverhampton Wanderers",f
536455,"Gon\\u00e7alo Guedes",2022-09-30,40560000,30420000,50700000,scisports,8602,"Wolverhampton Wanderers",f
536455,"Gon\\u00e7alo Guedes",2022-10-31,37850000,28390000,47310000,scisports,8602,"Wolverhampton Wanderers",f
536455,"Gon\\u00e7alo Guedes",2022-11-30,37790000,28340000,47230000,scisports,8602,"Wolverhampton Wanderers",f
536455,"Gon\\u00e7alo Guedes",2022-12-31,37840000,28380000,47300000,scisports,8602,"Wolverhampton Wanderers",f
536455,"Gon\\u00e7alo Guedes",2023-01-31,37240000,27930000,46550000,scisports,9772,Benfica,t
536455,"Gon\\u00e7alo Guedes",2023-02-28,36260000,27200000,45330000,scisports,9772,Benfica,f
536455,"Gon\\u00e7alo Guedes",2023-03-31,35790000,26840000,44740000,scisports,9772,Benfica,f
536455,"Gon\\u00e7alo Guedes",2023-04-30,34440000,25830000,43050000,scisports,9772,Benfica,f
536455,"Gon\\u00e7alo Guedes",2023-05-31,32970000,24730000,41210000,scisports,9772,Benfica,f
536455,"Gon\\u00e7alo Guedes",2023-06-30,28220000,21160000,35280000,scisports,8602,"Wolverhampton Wanderers",t
536455,"Gon\\u00e7alo Guedes",2023-07-31,24670000,18500000,30830000,scisports,8602,"Wolverhampton Wanderers",f
536455,"Gon\\u00e7alo Guedes",2023-09-01,23570000,17680000,29470000,scisports,9772,Benfica,t
536455,"Gon\\u00e7alo Guedes",2023-09-30,20930000,15700000,26170000,scisports,9772,Benfica,f
536455,"Gon\\u00e7alo Guedes",2023-10-31,17140000,12860000,21430000,scisports,9772,Benfica,f
536455,"Gon\\u00e7alo Guedes",2023-11-30,14510000,10880000,18130000,scisports,9772,Benfica,f
536455,"Gon\\u00e7alo Guedes",2023-12-31,12540000,9400000,15670000,scisports,9772,Benfica,f
536455,"Gon\\u00e7alo Guedes",2024-01-31,15670000,14103000,17237000,scisports,10205,Villarreal,t
536455,"Gon\\u00e7alo Guedes",2024-02-29,17237000,15513300,18960700,scisports,10205,Villarreal,f
536455,"Gon\\u00e7alo Guedes",2024-03-31,18493698,16644328,20343067,scisports,10205,Villarreal,f
536455,"Gon\\u00e7alo Guedes",2024-04-30,18493698,16644328,20343067,scisports,10205,Villarreal,f
536455,"Gon\\u00e7alo Guedes",2024-05-31,18493698,16644328,20343067,scisports,10205,Villarreal,f
536455,"Gon\\u00e7alo Guedes",2024-06-30,18446866,16602179,20291553,scisports,8602,"Wolverhampton Wanderers",t
536455,"Gon\\u00e7alo Guedes",2024-07-31,17466401,15719761,19213041,scisports,8602,"Wolverhampton Wanderers",f
536455,"Gon\\u00e7alo Guedes",2024-08-31,17556025,15800422,19311628,scisports,8602,"Wolverhampton Wanderers",f
536455,"Gon\\u00e7alo Guedes",2024-09-30,17556025,15800422,19311628,scisports,8602,"Wolverhampton Wanderers",f
536455,"Gon\\u00e7alo Guedes",2024-10-31,17556025,15800422,19311628,scisports,8602,"Wolverhampton Wanderers",f
536455,"Gon\\u00e7alo Guedes",2024-11-30,17556025,15800422,19311628,scisports,8602,"Wolverhampton Wanderers",f
536455,"Gon\\u00e7alo Guedes",2024-12-31,17466401,15719761,19213041,scisports,8602,"Wolverhampton Wanderers",f
536455,"Gon\\u00e7alo Guedes",2025-01-30,17466401,15719761,19213041,scisports,8602,"Wolverhampton Wanderers",f
536455,"Gon\\u00e7alo Guedes",2025-02-27,17466401,15719761,19213041,scisports,8602,"Wolverhampton Wanderers",f
536455,"Gon\\u00e7alo Guedes",2025-03-30,16231554,14608398,17854709,scisports,8602,"Wolverhampton Wanderers",f
536455,"Gon\\u00e7alo Guedes",2025-04-30,16231554,14608398,17854709,scisports,8602,"Wolverhampton Wanderers",f
536455,"Gon\\u00e7alo Guedes",2025-05-31,16321178,14689060,17953295,scisports,8602,"Wolverhampton Wanderers",f
536455,"Gon\\u00e7alo Guedes",2025-07-01,11585553,10426998,12744108,scisports,8602,"Wolverhampton Wanderers",f
536455,"Gon\\u00e7alo Guedes",2025-08-01,11455449,10309904,12600994,scisports,8560,"Real Sociedad",t
536455,"Gon\\u00e7alo Guedes",2025-09-01,10587987,9529189,11646786,scisports,8560,"Real Sociedad",f
536455,"Gon\\u00e7alo Guedes",2025-10-01,10571722,9514550,11628894,scisports,8560,"Real Sociedad",f
536455,"Gon\\u00e7alo Guedes",2025-11-01,7270258,6179719,8360797,scisports,8560,"Real Sociedad",f
536455,"Gon\\u00e7alo Guedes",2025-12-01,7223372,6139866,8306878,scisports,8560,"Real Sociedad",f
536455,"Gon\\u00e7alo Guedes",2026-01-01,7241438,6155222,8327654,scisports,8560,"Real Sociedad",f
536455,"Gon\\u00e7alo Guedes",2026-02-01,6155222,5231938,7078505,scisports,8560,"Real Sociedad",f
536455,"Gon\\u00e7alo Guedes",2026-03-01,5762466,4898096,6626836,scisports,8560,"Real Sociedad",f
536455,"Gon\\u00e7alo Guedes",2026-04-01,6059384,5150476,6968292,scisports,8560,"Real Sociedad",f
604105,"I\\u00f1aki Williams",2014-12-31,800000,600000,1000000,scisports,8315,"Athletic Club",t
604105,"I\\u00f1aki Williams",2015-06-30,10700000,8030000,13380000,scisports,8315,"Athletic Club",f
604105,"I\\u00f1aki Williams",2015-12-31,20610000,15450000,25760000,scisports,8315,"Athletic Club",f
604105,"I\\u00f1aki Williams",2016-06-30,18490000,13870000,23110000,scisports,8315,"Athletic Club",f
604105,"I\\u00f1aki Williams",2016-12-31,16380000,12280000,20470000,scisports,8315,"Athletic Club",f
604105,"I\\u00f1aki Williams",2017-06-30,16280000,12210000,20350000,scisports,8315,"Athletic Club",f
604105,"I\\u00f1aki Williams",2017-12-31,16180000,12140000,20230000,scisports,8315,"Athletic Club",f
604105,"I\\u00f1aki Williams",2018-06-30,16360000,12270000,20450000,scisports,8315,"Athletic Club",f
604105,"I\\u00f1aki Williams",2018-12-31,16540000,12410000,20680000,scisports,8315,"Athletic Club",f
604105,"I\\u00f1aki Williams",2019-06-30,19880000,14910000,24850000,scisports,8315,"Athletic Club",f
604105,"I\\u00f1aki Williams",2019-12-31,23210000,17410000,29010000,scisports,8315,"Athletic Club",f
604105,"I\\u00f1aki Williams",2020-06-30,25070000,18800000,31340000,scisports,8315,"Athletic Club",f
604105,"I\\u00f1aki Williams",2020-12-31,26940000,20200000,33670000,scisports,8315,"Athletic Club",f
604105,"I\\u00f1aki Williams",2021-06-30,27190000,20390000,33990000,scisports,8315,"Athletic Club",f
604105,"I\\u00f1aki Williams",2021-10-31,27440000,20580000,34300000,scisports,8315,"Athletic Club",f
604105,"I\\u00f1aki Williams",2021-11-30,27080000,20310000,33850000,scisports,8315,"Athletic Club",f
604105,"I\\u00f1aki Williams",2021-12-31,27480000,20610000,34360000,scisports,8315,"Athletic Club",f
604105,"I\\u00f1aki Williams",2022-01-31,25840000,19380000,32300000,scisports,8315,"Athletic Club",f
604105,"I\\u00f1aki Williams",2022-02-28,24960000,18720000,31200000,scisports,8315,"Athletic Club",f
604105,"I\\u00f1aki Williams",2022-03-31,23670000,17750000,29590000,scisports,8315,"Athletic Club",f
604105,"I\\u00f1aki Williams",2022-04-30,23650000,17740000,29560000,scisports,8315,"Athletic Club",f
604105,"I\\u00f1aki Williams",2022-05-31,25350000,19010000,31680000,scisports,8315,"Athletic Club",f
604105,"I\\u00f1aki Williams",2022-06-30,24800000,18600000,31000000,scisports,8315,"Athletic Club",f
604105,"I\\u00f1aki Williams",2022-07-31,24750000,18560000,30940000,scisports,8315,"Athletic Club",f
604105,"I\\u00f1aki Williams",2022-08-31,24870000,18650000,31080000,scisports,8315,"Athletic Club",f
604105,"I\\u00f1aki Williams",2022-09-04,25050000,18790000,31310000,scisports,8315,"Athletic Club",f
604105,"I\\u00f1aki Williams",2022-09-30,26410000,19810000,33020000,scisports,8315,"Athletic Club",f
604105,"I\\u00f1aki Williams",2022-10-31,28050000,21040000,35060000,scisports,8315,"Athletic Club",f
604105,"I\\u00f1aki Williams",2022-11-30,28950000,21710000,36190000,scisports,8315,"Athletic Club",f
604105,"I\\u00f1aki Williams",2022-12-31,29970000,22480000,37460000,scisports,8315,"Athletic Club",f
604105,"I\\u00f1aki Williams",2023-01-31,31000000,23250000,38760000,scisports,8315,"Athletic Club",f
604105,"I\\u00f1aki Williams",2023-02-28,30790000,23090000,38490000,scisports,8315,"Athletic Club",f
604105,"I\\u00f1aki Williams",2023-03-31,31520000,23640000,39400000,scisports,8315,"Athletic Club",f
604105,"I\\u00f1aki Williams",2023-04-30,32180000,24130000,40220000,scisports,8315,"Athletic Club",f
604105,"I\\u00f1aki Williams",2023-05-31,33020000,24760000,41270000,scisports,8315,"Athletic Club",f
604105,"I\\u00f1aki Williams",2023-06-30,31040000,23280000,38800000,scisports,8315,"Athletic Club",f
604105,"I\\u00f1aki Williams",2023-07-31,30090000,22570000,37610000,scisports,8315,"Athletic Club",f
604105,"I\\u00f1aki Williams",2023-09-01,28030000,21020000,35040000,scisports,8315,"Athletic Club",f
604105,"I\\u00f1aki Williams",2023-09-30,27990000,21000000,34990000,scisports,8315,"Athletic Club",f
604105,"I\\u00f1aki Williams",2023-10-31,28020000,21010000,35020000,scisports,8315,"Athletic Club",f
604105,"I\\u00f1aki Williams",2023-11-30,29840000,22380000,37300000,scisports,8315,"Athletic Club",f
604105,"I\\u00f1aki Williams",2023-12-31,30290000,22710000,37860000,scisports,8315,"Athletic Club",f
604105,"I\\u00f1aki Williams",2024-01-31,24613871,22152484,27075259,scisports,8315,"Athletic Club",f
604105,"I\\u00f1aki Williams",2024-02-29,23737678,21363910,26111446,scisports,8315,"Athletic Club",f
604105,"I\\u00f1aki Williams",2024-03-31,23737678,21363910,26111446,scisports,8315,"Athletic Club",f
604105,"I\\u00f1aki Williams",2024-04-30,23827302,21444572,26210032,scisports,8315,"Athletic Club",f
604105,"I\\u00f1aki Williams",2024-05-31,23737678,21363910,26111446,scisports,8315,"Athletic Club",f
604105,"I\\u00f1aki Williams",2024-06-30,23481749,21133574,25829924,scisports,8315,"Athletic Club",f
604105,"I\\u00f1aki Williams",2024-07-31,22835879,20552291,25119466,scisports,8315,"Athletic Club",f
604105,"I\\u00f1aki Williams",2024-08-31,23253143,20927829,25578458,scisports,8315,"Athletic Club",f
604105,"I\\u00f1aki Williams",2024-09-30,23965841,21569257,26362426,scisports,8315,"Athletic Club",f
604105,"I\\u00f1aki Williams",2024-10-31,24920715,22428643,27412787,scisports,8315,"Athletic Club",f
604105,"I\\u00f1aki Williams",2024-11-30,23714517,21343066,26085969,scisports,8315,"Athletic Club",f
604105,"I\\u00f1aki Williams",2024-12-31,23246763,20922087,25571439,scisports,8315,"Athletic Club",f
604105,"I\\u00f1aki Williams",2025-01-30,22484414,20235972,24732855,scisports,8315,"Athletic Club",f
604105,"I\\u00f1aki Williams",2025-02-27,23346890,21012201,25681579,scisports,8315,"Athletic Club",f
604105,"I\\u00f1aki Williams",2025-03-30,22582186,20323968,24840405,scisports,8315,"Athletic Club",f
604105,"I\\u00f1aki Williams",2025-04-30,23223959,20901563,25546355,scisports,8315,"Athletic Club",f
191315,Isco,2022-11-30,14740000,11060000,18430000,scisports,8302,Sevilla,f
604105,"I\\u00f1aki Williams",2025-05-31,23436514,21092862,25780165,scisports,8315,"Athletic Club",f
604105,"I\\u00f1aki Williams",2025-07-01,23436514,21092862,25780165,scisports,8315,"Athletic Club",f
604105,"I\\u00f1aki Williams",2025-08-01,23436514,21092862,25780165,scisports,8315,"Athletic Club",f
604105,"I\\u00f1aki Williams",2025-09-01,22719647,20447683,24991612,scisports,8315,"Athletic Club",f
604105,"I\\u00f1aki Williams",2025-10-01,24075927,21668335,26483520,scisports,8315,"Athletic Club",f
604105,"I\\u00f1aki Williams",2025-11-01,23359061,21023155,25694967,scisports,8315,"Athletic Club",f
604105,"I\\u00f1aki Williams",2025-12-01,23213451,20892106,25534796,scisports,8315,"Athletic Club",f
604105,"I\\u00f1aki Williams",2026-01-01,21554669,19399202,23710136,scisports,8315,"Athletic Club",f
604105,"I\\u00f1aki Williams",2026-02-01,21554669,19399202,23710136,scisports,8315,"Athletic Club",f
604105,"I\\u00f1aki Williams",2026-03-01,21335195,19201675,23468714,scisports,8315,"Athletic Club",f
604105,"I\\u00f1aki Williams",2026-04-01,21335195,19201675,23468714,scisports,8315,"Athletic Club",f
614834,"Dani Olmo",2015-12-31,530000,400000,660000,scisports,10156,"Dinamo Zagreb",t
614834,"Dani Olmo",2016-06-30,350000,260000,440000,scisports,10156,"Dinamo Zagreb",f
614834,"Dani Olmo",2016-12-31,170000,130000,210000,scisports,10156,"Dinamo Zagreb",f
614834,"Dani Olmo",2017-06-30,550000,410000,690000,scisports,10156,"Dinamo Zagreb",f
614834,"Dani Olmo",2017-12-31,940000,700000,1170000,scisports,10156,"Dinamo Zagreb",f
614834,"Dani Olmo",2018-06-30,3790000,2840000,4740000,scisports,10156,"Dinamo Zagreb",f
614834,"Dani Olmo",2018-12-31,6650000,4990000,8310000,scisports,10156,"Dinamo Zagreb",f
614834,"Dani Olmo",2019-06-30,9680000,7260000,12100000,scisports,10156,"Dinamo Zagreb",f
614834,"Dani Olmo",2019-12-31,12720000,9540000,15890000,scisports,178475,"RB Leipzig",t
614834,"Dani Olmo",2020-06-30,25690000,19270000,32120000,scisports,178475,"RB Leipzig",f
614834,"Dani Olmo",2020-12-31,38670000,29000000,48340000,scisports,178475,"RB Leipzig",f
614834,"Dani Olmo",2021-06-30,41240000,30930000,51560000,scisports,178475,"RB Leipzig",f
614834,"Dani Olmo",2021-10-31,43820000,32860000,54770000,scisports,178475,"RB Leipzig",f
614834,"Dani Olmo",2021-11-30,41640000,31230000,52050000,scisports,178475,"RB Leipzig",f
614834,"Dani Olmo",2021-12-31,39810000,29860000,49760000,scisports,178475,"RB Leipzig",f
614834,"Dani Olmo",2022-01-31,37740000,28300000,47170000,scisports,178475,"RB Leipzig",f
614834,"Dani Olmo",2022-02-28,33730000,25300000,42170000,scisports,178475,"RB Leipzig",f
614834,"Dani Olmo",2022-03-31,31500000,23630000,39380000,scisports,178475,"RB Leipzig",f
614834,"Dani Olmo",2022-04-30,33740000,25310000,42180000,scisports,178475,"RB Leipzig",f
614834,"Dani Olmo",2022-05-31,33810000,25360000,42270000,scisports,178475,"RB Leipzig",f
614834,"Dani Olmo",2022-06-30,33970000,25480000,42460000,scisports,178475,"RB Leipzig",f
614834,"Dani Olmo",2022-07-31,33930000,25450000,42420000,scisports,178475,"RB Leipzig",f
614834,"Dani Olmo",2022-08-31,31590000,23690000,39480000,scisports,178475,"RB Leipzig",f
614834,"Dani Olmo",2022-09-04,29500000,22120000,36870000,scisports,178475,"RB Leipzig",f
614834,"Dani Olmo",2022-09-30,28540000,21410000,35680000,scisports,178475,"RB Leipzig",f
614834,"Dani Olmo",2022-10-31,27650000,20740000,34570000,scisports,178475,"RB Leipzig",f
614834,"Dani Olmo",2022-11-30,27510000,20630000,34390000,scisports,178475,"RB Leipzig",f
614834,"Dani Olmo",2022-12-31,27270000,20450000,34090000,scisports,178475,"RB Leipzig",f
614834,"Dani Olmo",2023-01-31,26870000,20150000,33590000,scisports,178475,"RB Leipzig",f
614834,"Dani Olmo",2023-02-28,26690000,20020000,33360000,scisports,178475,"RB Leipzig",f
614834,"Dani Olmo",2023-03-31,26620000,19960000,33270000,scisports,178475,"RB Leipzig",f
614834,"Dani Olmo",2023-04-30,26470000,19860000,33090000,scisports,178475,"RB Leipzig",f
614834,"Dani Olmo",2023-05-31,26210000,19660000,32770000,scisports,178475,"RB Leipzig",f
614834,"Dani Olmo",2023-06-30,32360000,24270000,40450000,scisports,178475,"RB Leipzig",f
614834,"Dani Olmo",2023-07-31,31040000,23280000,38800000,scisports,178475,"RB Leipzig",f
614834,"Dani Olmo",2023-09-01,31880000,23910000,39850000,scisports,178475,"RB Leipzig",f
614834,"Dani Olmo",2023-09-30,32190000,24140000,40240000,scisports,178475,"RB Leipzig",f
614834,"Dani Olmo",2023-10-31,31630000,23720000,39540000,scisports,178475,"RB Leipzig",f
614834,"Dani Olmo",2023-11-30,30740000,23060000,38430000,scisports,178475,"RB Leipzig",f
614834,"Dani Olmo",2023-12-31,30430000,22820000,38040000,scisports,178475,"RB Leipzig",f
614834,"Dani Olmo",2024-01-31,38040000,34236000,41844000,scisports,178475,"RB Leipzig",f
614834,"Dani Olmo",2024-02-29,41844000,37659600,46028400,scisports,178475,"RB Leipzig",f
614834,"Dani Olmo",2024-03-31,46028400,41425560,50631240,scisports,178475,"RB Leipzig",f
614834,"Dani Olmo",2024-04-30,50631240,45568116,55694364,scisports,178475,"RB Leipzig",f
614834,"Dani Olmo",2024-05-31,54169070,48752163,59585977,scisports,178475,"RB Leipzig",f
614834,"Dani Olmo",2024-06-30,54169070,48752163,59585977,scisports,178475,"RB Leipzig",f
614834,"Dani Olmo",2024-07-31,54169070,48752163,59585977,scisports,8634,Barcelona,t
614834,"Dani Olmo",2024-08-31,54359064,48923157,59794970,scisports,8634,Barcelona,f
614834,"Dani Olmo",2024-09-30,54359064,48923157,59794970,scisports,8634,Barcelona,f
614834,"Dani Olmo",2024-10-31,54340282,48906254,59774311,scisports,8634,Barcelona,f
614834,"Dani Olmo",2024-11-30,54366800,48930120,59803480,scisports,8634,Barcelona,f
614834,"Dani Olmo",2024-12-31,54353537,48918183,59788891,scisports,8634,Barcelona,f
614834,"Dani Olmo",2025-01-30,54679033,49211130,60146936,scisports,8634,Barcelona,f
614834,"Dani Olmo",2025-02-27,54679033,49211130,60146936,scisports,8634,Barcelona,f
614834,"Dani Olmo",2025-03-30,54781956,49303760,60260151,scisports,8634,Barcelona,f
614834,"Dani Olmo",2025-04-30,54781956,49303760,60260151,scisports,8634,Barcelona,f
614834,"Dani Olmo",2025-05-31,56517468,50865721,62169215,scisports,8634,Barcelona,f
614834,"Dani Olmo",2025-07-01,55530042,49977038,61083046,scisports,8634,Barcelona,f
614834,"Dani Olmo",2025-08-01,55530042,49977038,61083046,scisports,8634,Barcelona,f
614834,"Dani Olmo",2025-09-01,55530042,49977038,61083046,scisports,8634,Barcelona,f
614834,"Dani Olmo",2025-10-01,56517468,50865721,62169215,scisports,8634,Barcelona,f
614834,"Dani Olmo",2025-11-01,55182522,49664270,60700775,scisports,8634,Barcelona,f
614834,"Dani Olmo",2025-12-01,56517468,50865721,62169215,scisports,8634,Barcelona,f
614834,"Dani Olmo",2026-01-01,54962065,49465858,60458271,scisports,8634,Barcelona,f
614834,"Dani Olmo",2026-02-01,54829419,49346477,60312361,scisports,8634,Barcelona,f
614834,"Dani Olmo",2026-03-01,55082796,49574516,60591076,scisports,8634,Barcelona,f
614834,"Dani Olmo",2026-04-01,55593401,50034061,61152741,scisports,8634,Barcelona,f
640220,"Marc Roca",2014-12-31,50000,40000,70000,scisports,177226,"Espanyol B",t
640220,"Marc Roca",2015-06-30,110000,80000,140000,scisports,177226,"Espanyol B",f
640220,"Marc Roca",2015-12-31,170000,130000,210000,scisports,177226,"Espanyol B",f
640220,"Marc Roca",2016-06-30,3090000,2320000,3860000,scisports,8558,Espanyol,t
640220,"Marc Roca",2016-12-31,6010000,4510000,7510000,scisports,8558,Espanyol,f
640220,"Marc Roca",2017-06-30,4230000,3170000,5290000,scisports,8558,Espanyol,f
640220,"Marc Roca",2017-12-31,2450000,1840000,3070000,scisports,8558,Espanyol,f
640220,"Marc Roca",2018-06-30,3470000,2600000,4340000,scisports,8558,Espanyol,f
640220,"Marc Roca",2018-12-31,4490000,3370000,5620000,scisports,8558,Espanyol,f
640220,"Marc Roca",2019-06-30,14360000,10770000,17950000,scisports,8558,Espanyol,f
640220,"Marc Roca",2019-12-31,24230000,18170000,30280000,scisports,8558,Espanyol,f
640220,"Marc Roca",2020-06-30,20360000,15270000,25450000,scisports,8558,Espanyol,f
640220,"Marc Roca",2020-12-31,16490000,12370000,20620000,scisports,9823,"Bayern M\\u00fcnchen",t
640220,"Marc Roca",2021-06-30,13420000,10070000,16780000,scisports,9823,"Bayern M\\u00fcnchen",f
640220,"Marc Roca",2021-10-31,10350000,7760000,12940000,scisports,9823,"Bayern M\\u00fcnchen",f
640220,"Marc Roca",2021-11-30,8850000,6640000,11060000,scisports,9823,"Bayern M\\u00fcnchen",f
640220,"Marc Roca",2021-12-31,8820000,6620000,11030000,scisports,9823,"Bayern M\\u00fcnchen",f
640220,"Marc Roca",2022-01-31,10160000,7620000,12710000,scisports,9823,"Bayern M\\u00fcnchen",f
640220,"Marc Roca",2022-02-28,10590000,7940000,13230000,scisports,9823,"Bayern M\\u00fcnchen",f
640220,"Marc Roca",2022-03-31,11630000,8720000,14540000,scisports,9823,"Bayern M\\u00fcnchen",f
640220,"Marc Roca",2022-04-30,11590000,8690000,14480000,scisports,9823,"Bayern M\\u00fcnchen",f
640220,"Marc Roca",2022-05-31,11120000,8340000,13900000,scisports,9823,"Bayern M\\u00fcnchen",f
640220,"Marc Roca",2022-06-30,10040000,7530000,12550000,scisports,8463,"Leeds United",t
640220,"Marc Roca",2022-07-31,9210000,6910000,11520000,scisports,8463,"Leeds United",f
640220,"Marc Roca",2022-08-31,11590000,8690000,14480000,scisports,8463,"Leeds United",f
640220,"Marc Roca",2022-09-04,9780000,7340000,12230000,scisports,8463,"Leeds United",f
640220,"Marc Roca",2022-09-30,9640000,7230000,12050000,scisports,8463,"Leeds United",f
640220,"Marc Roca",2022-10-31,9630000,7220000,12030000,scisports,8463,"Leeds United",f
640220,"Marc Roca",2022-11-30,9740000,7300000,12170000,scisports,8463,"Leeds United",f
640220,"Marc Roca",2022-12-31,9900000,7420000,12380000,scisports,8463,"Leeds United",f
640220,"Marc Roca",2023-01-31,10100000,7580000,12630000,scisports,8463,"Leeds United",f
640220,"Marc Roca",2023-02-28,10370000,7780000,12970000,scisports,8463,"Leeds United",f
640220,"Marc Roca",2023-03-31,10570000,7930000,13210000,scisports,8463,"Leeds United",f
640220,"Marc Roca",2023-04-30,10810000,8110000,13510000,scisports,8463,"Leeds United",f
640220,"Marc Roca",2023-05-31,10970000,8230000,13720000,scisports,8463,"Leeds United",f
640220,"Marc Roca",2023-06-30,9780000,7340000,12220000,scisports,8603,"Real Betis",t
640220,"Marc Roca",2023-07-31,7970000,5980000,9970000,scisports,8603,"Real Betis",f
640220,"Marc Roca",2023-09-01,7440000,5580000,9300000,scisports,8603,"Real Betis",f
640220,"Marc Roca",2023-09-30,6730000,5050000,8420000,scisports,8603,"Real Betis",f
640220,"Marc Roca",2023-10-31,6400000,4800000,8000000,scisports,8603,"Real Betis",f
640220,"Marc Roca",2023-11-30,6280000,4710000,7850000,scisports,8603,"Real Betis",f
640220,"Marc Roca",2023-12-31,6070000,4550000,7580000,scisports,8603,"Real Betis",f
640220,"Marc Roca",2024-01-31,7580000,6443000,8717000,scisports,8603,"Real Betis",f
640220,"Marc Roca",2024-02-29,8717000,7409450,10024550,scisports,8603,"Real Betis",f
640220,"Marc Roca",2024-03-31,10024550,9022095,11027005,scisports,8603,"Real Betis",f
640220,"Marc Roca",2024-04-30,9379248,7972361,10786135,scisports,8603,"Real Betis",f
640220,"Marc Roca",2024-05-31,9379248,7972361,10786135,scisports,8603,"Real Betis",f
640220,"Marc Roca",2024-06-30,9332416,7932554,10732279,scisports,8603,"Real Betis",f
640220,"Marc Roca",2024-07-31,8798058,7478349,10117766,scisports,8603,"Real Betis",f
640220,"Marc Roca",2024-08-31,8798058,7478349,10117766,scisports,8603,"Real Betis",f
640220,"Marc Roca",2024-09-30,8708434,7402168,10014699,scisports,8603,"Real Betis",f
640220,"Marc Roca",2024-10-31,8539256,7258367,9820144,scisports,8603,"Real Betis",f
640220,"Marc Roca",2024-11-30,8539256,7258367,9820144,scisports,8603,"Real Betis",f
640220,"Marc Roca",2024-12-31,8539256,7258367,9820144,scisports,8603,"Real Betis",f
640220,"Marc Roca",2025-01-30,8539256,7258367,9820144,scisports,8603,"Real Betis",f
640220,"Marc Roca",2025-02-27,8628879,7334547,9923211,scisports,8603,"Real Betis",f
640220,"Marc Roca",2025-03-30,8539256,7258367,9820144,scisports,8603,"Real Betis",f
640220,"Marc Roca",2025-04-30,7397520,6287892,8507148,scisports,8603,"Real Betis",f
640220,"Marc Roca",2025-05-31,7398089,6288375,8507802,scisports,8603,"Real Betis",f
640220,"Marc Roca",2025-07-01,5340564,4539480,6141649,scisports,8603,"Real Betis",f
640220,"Marc Roca",2025-08-01,5340564,4539480,6141649,scisports,8603,"Real Betis",f
640220,"Marc Roca",2025-09-01,5303632,4508087,6099177,scisports,8603,"Real Betis",f
640220,"Marc Roca",2025-10-01,4913191,3930552,5895829,scisports,8603,"Real Betis",f
640220,"Marc Roca",2025-11-01,2526466,2021172,3031759,scisports,8603,"Real Betis",f
640220,"Marc Roca",2025-12-01,2572591,2058072,3087109,scisports,8603,"Real Betis",f
640220,"Marc Roca",2026-01-01,2604530,2083624,3125437,scisports,8603,"Real Betis",f
640220,"Marc Roca",2026-02-01,2634305,2107444,3161166,scisports,8603,"Real Betis",f
640220,"Marc Roca",2026-03-01,2670388,2136311,3204466,scisports,8603,"Real Betis",f
640220,"Marc Roca",2026-04-01,2693132,2154506,3231759,scisports,8603,"Real Betis",f
640492,"Rafa Mir",2015-12-31,590000,450000,740000,scisports,10267,Valencia,t
640492,"Rafa Mir",2016-06-30,650000,490000,810000,scisports,10267,Valencia,f
640492,"Rafa Mir",2016-12-31,700000,530000,880000,scisports,10267,Valencia,f
640492,"Rafa Mir",2017-06-30,1010000,760000,1260000,scisports,161777,"Valencia B",t
640492,"Rafa Mir",2017-12-31,1310000,990000,1640000,scisports,8602,"Wolverhampton Wanderers",t
640492,"Rafa Mir",2018-06-30,800000,600000,1000000,scisports,8306,"Las Palmas",t
640492,"Rafa Mir",2018-12-31,280000,210000,350000,scisports,8306,"Las Palmas",f
640492,"Rafa Mir",2019-06-30,220000,160000,270000,scisports,10203,"Nottingham Forest",t
640492,"Rafa Mir",2019-12-31,150000,110000,190000,scisports,96925,"SD Huesca",t
640492,"Rafa Mir",2020-06-30,1200000,900000,1500000,scisports,96925,"SD Huesca",f
640492,"Rafa Mir",2020-12-31,2250000,1690000,2810000,scisports,96925,"SD Huesca",f
640492,"Rafa Mir",2021-06-30,9800000,7350000,12250000,scisports,8302,Sevilla,t
640492,"Rafa Mir",2021-10-31,17350000,13020000,21690000,scisports,8302,Sevilla,f
640492,"Rafa Mir",2021-11-30,20880000,15660000,26100000,scisports,8302,Sevilla,f
640492,"Rafa Mir",2021-12-31,20870000,15650000,26080000,scisports,8302,Sevilla,f
640492,"Rafa Mir",2022-01-31,20370000,15280000,25460000,scisports,8302,Sevilla,f
640492,"Rafa Mir",2022-02-28,20640000,15480000,25800000,scisports,8302,Sevilla,f
640492,"Rafa Mir",2022-03-31,19630000,14720000,24530000,scisports,8302,Sevilla,f
640492,"Rafa Mir",2022-04-30,20530000,15400000,25660000,scisports,8302,Sevilla,f
640492,"Rafa Mir",2022-05-31,19640000,14730000,24550000,scisports,8302,Sevilla,f
640492,"Rafa Mir",2022-06-30,19040000,14280000,23800000,scisports,8302,Sevilla,f
640492,"Rafa Mir",2022-07-31,19300000,14480000,24130000,scisports,8302,Sevilla,f
640492,"Rafa Mir",2022-08-31,20060000,15050000,25080000,scisports,8302,Sevilla,f
640492,"Rafa Mir",2022-09-04,20600000,15450000,25750000,scisports,8302,Sevilla,f
640492,"Rafa Mir",2022-09-30,18840000,14130000,23550000,scisports,8302,Sevilla,f
640492,"Rafa Mir",2022-10-31,17600000,13200000,22000000,scisports,8302,Sevilla,f
640492,"Rafa Mir",2022-11-30,17640000,13230000,22050000,scisports,8302,Sevilla,f
640492,"Rafa Mir",2022-12-31,17550000,13160000,21940000,scisports,8302,Sevilla,f
640492,"Rafa Mir",2023-01-31,17410000,13060000,21760000,scisports,8302,Sevilla,f
640492,"Rafa Mir",2023-02-28,17090000,12820000,21360000,scisports,8302,Sevilla,f
640492,"Rafa Mir",2023-03-31,16760000,12570000,20950000,scisports,8302,Sevilla,f
640492,"Rafa Mir",2023-04-30,15920000,11940000,19910000,scisports,8302,Sevilla,f
640492,"Rafa Mir",2023-05-31,15370000,11530000,19210000,scisports,8302,Sevilla,f
640492,"Rafa Mir",2023-06-30,13480000,10110000,16850000,scisports,8302,Sevilla,f
640492,"Rafa Mir",2023-07-31,12140000,9110000,15180000,scisports,8302,Sevilla,f
640492,"Rafa Mir",2023-09-01,12300000,9230000,15380000,scisports,8302,Sevilla,f
640492,"Rafa Mir",2023-09-30,10990000,8240000,13740000,scisports,8302,Sevilla,f
640492,"Rafa Mir",2023-10-31,10180000,7640000,12730000,scisports,8302,Sevilla,f
640492,"Rafa Mir",2023-11-30,9260000,6940000,11570000,scisports,8302,Sevilla,f
640492,"Rafa Mir",2023-12-31,8610000,6460000,10770000,scisports,8302,Sevilla,f
640492,"Rafa Mir",2024-01-31,6460000,5491000,7428999,scisports,8302,Sevilla,f
640492,"Rafa Mir",2024-02-29,5491000,4667350,6314649,scisports,8302,Sevilla,f
640492,"Rafa Mir",2024-03-31,4667350,3733880,5600820,scisports,8302,Sevilla,f
640492,"Rafa Mir",2024-04-30,3733880,2987104,4480656,scisports,8302,Sevilla,f
640492,"Rafa Mir",2024-05-31,2987104,2389683,3584524,scisports,8302,Sevilla,f
640492,"Rafa Mir",2024-06-30,2389683,1911746,2867619,scisports,10267,Valencia,t
640492,"Rafa Mir",2024-07-31,1911746,1529396,2294095,scisports,10267,Valencia,f
640492,"Rafa Mir",2024-08-31,1529396,1223516,1835275,scisports,10267,Valencia,f
640492,"Rafa Mir",2024-09-30,1223516,978812,1468219,scisports,10267,Valencia,f
640492,"Rafa Mir",2024-10-31,978812,783049,1174574,scisports,10267,Valencia,f
640492,"Rafa Mir",2024-11-30,935358,748286,1122430,scisports,10267,Valencia,f
640492,"Rafa Mir",2024-12-31,922033,737626,1106440,scisports,10267,Valencia,f
640492,"Rafa Mir",2025-01-30,920789,736631,1104947,scisports,10267,Valencia,f
640492,"Rafa Mir",2025-02-27,919632,735706,1103559,scisports,10267,Valencia,f
640492,"Rafa Mir",2025-03-30,920877,736701,1105052,scisports,10267,Valencia,f
640492,"Rafa Mir",2025-04-30,920877,736701,1105052,scisports,10267,Valencia,f
640492,"Rafa Mir",2025-05-31,944276,755421,1133131,scisports,10267,Valencia,f
640492,"Rafa Mir",2025-07-01,915288,732230,1098346,scisports,8302,Sevilla,t
640492,"Rafa Mir",2025-08-01,915288,732230,1098346,scisports,10268,Elche,t
640492,"Rafa Mir",2025-09-01,912566,730053,1095079,scisports,10268,Elche,f
640492,"Rafa Mir",2025-10-01,974085,779268,1168903,scisports,10268,Elche,f
640492,"Rafa Mir",2025-11-01,1407702,1126161,1689242,scisports,10268,Elche,f
640492,"Rafa Mir",2025-12-01,1502673,1202138,1803208,scisports,10268,Elche,f
640492,"Rafa Mir",2026-01-01,1535745,1228596,1842894,scisports,10268,Elche,f
640492,"Rafa Mir",2026-02-01,1724648,1379719,2069578,scisports,10268,Elche,f
640492,"Rafa Mir",2026-03-01,1669972,1335978,2003967,scisports,10268,Elche,f
640492,"Rafa Mir",2026-04-01,1619488,1295590,1943386,scisports,10268,Elche,f
686460,"Santiago Colombatto",2015-12-31,50000,40000,70000,scisports,8529,Cagliari,t
686460,"Santiago Colombatto",2016-06-30,150000,110000,190000,scisports,208936,Trapani,t
686460,"Santiago Colombatto",2016-12-31,250000,190000,320000,scisports,208936,Trapani,f
686460,"Santiago Colombatto",2017-06-30,970000,730000,1210000,scisports,8685,Perugia,t
686460,"Santiago Colombatto",2017-12-31,1690000,1270000,2110000,scisports,8685,Perugia,f
686460,"Santiago Colombatto",2018-06-30,1130000,850000,1410000,scisports,9876,"Hellas Verona",t
686460,"Santiago Colombatto",2018-12-31,570000,430000,710000,scisports,9876,"Hellas Verona",f
686460,"Santiago Colombatto",2019-06-30,520000,390000,650000,scisports,9997,St.Truiden,t
686460,"Santiago Colombatto",2019-12-31,480000,360000,590000,scisports,9997,St.Truiden,f
686460,"Santiago Colombatto",2020-06-30,380000,290000,480000,scisports,9997,St.Truiden,f
686460,"Santiago Colombatto",2020-12-31,290000,210000,360000,scisports,1841,Leon,t
686460,"Santiago Colombatto",2021-06-30,410000,310000,520000,scisports,1841,Leon,f
686460,"Santiago Colombatto",2021-10-31,540000,400000,670000,scisports,1841,Leon,f
686460,"Santiago Colombatto",2021-11-30,600000,450000,750000,scisports,1841,Leon,f
686460,"Santiago Colombatto",2021-12-31,980000,730000,1220000,scisports,1841,Leon,f
686460,"Santiago Colombatto",2022-01-31,1030000,770000,1280000,scisports,1841,Leon,f
686460,"Santiago Colombatto",2022-02-28,980000,740000,1230000,scisports,1841,Leon,f
686460,"Santiago Colombatto",2022-03-31,940000,700000,1170000,scisports,1841,Leon,f
686460,"Santiago Colombatto",2022-04-30,760000,570000,950000,scisports,1841,Leon,f
686460,"Santiago Colombatto",2022-05-31,630000,470000,780000,scisports,1841,Leon,f
686460,"Santiago Colombatto",2022-06-30,500000,370000,620000,scisports,1841,Leon,f
686460,"Santiago Colombatto",2022-07-31,390000,290000,480000,scisports,1634,Famalicao,t
686460,"Santiago Colombatto",2022-08-31,260000,190000,320000,scisports,1634,Famalicao,f
686460,"Santiago Colombatto",2022-09-04,260000,190000,320000,scisports,1634,Famalicao,f
686460,"Santiago Colombatto",2022-09-30,260000,190000,320000,scisports,1634,Famalicao,f
686460,"Santiago Colombatto",2022-10-31,270000,200000,340000,scisports,1634,Famalicao,f
686460,"Santiago Colombatto",2022-11-30,270000,210000,340000,scisports,1634,Famalicao,f
686460,"Santiago Colombatto",2022-12-31,280000,210000,350000,scisports,1634,Famalicao,f
686460,"Santiago Colombatto",2023-01-31,290000,220000,360000,scisports,1634,Famalicao,f
686460,"Santiago Colombatto",2023-02-28,390000,290000,490000,scisports,1634,Famalicao,f
686460,"Santiago Colombatto",2023-03-31,410000,310000,510000,scisports,1634,Famalicao,f
686460,"Santiago Colombatto",2023-04-30,420000,320000,530000,scisports,1634,Famalicao,f
686460,"Santiago Colombatto",2023-05-31,490000,370000,610000,scisports,1634,Famalicao,f
686460,"Santiago Colombatto",2023-06-30,560000,420000,700000,scisports,1634,Famalicao,f
686460,"Santiago Colombatto",2023-07-31,1860000,1390000,2320000,scisports,8670,"Real Oviedo",t
686460,"Santiago Colombatto",2023-09-01,1920000,1440000,2400000,scisports,8670,"Real Oviedo",f
686460,"Santiago Colombatto",2023-09-30,1960000,1470000,2450000,scisports,8670,"Real Oviedo",f
686460,"Santiago Colombatto",2023-10-31,1950000,1470000,2440000,scisports,8670,"Real Oviedo",f
686460,"Santiago Colombatto",2023-11-30,1970000,1480000,2460000,scisports,8670,"Real Oviedo",f
686460,"Santiago Colombatto",2023-12-31,1980000,1480000,2470000,scisports,8670,"Real Oviedo",f
686460,"Santiago Colombatto",2024-01-31,2295357,1836285,2754428,scisports,8670,"Real Oviedo",f
686460,"Santiago Colombatto",2024-02-29,2436633,1949307,2923960,scisports,8670,"Real Oviedo",f
686460,"Santiago Colombatto",2024-03-31,2923960,2339168,3508752,scisports,8670,"Real Oviedo",f
686460,"Santiago Colombatto",2024-04-30,3284062,2627250,3940875,scisports,8670,"Real Oviedo",f
686460,"Santiago Colombatto",2024-05-31,2627250,2101800,3152700,scisports,8670,"Real Oviedo",f
686460,"Santiago Colombatto",2024-06-30,2409147,1927318,2890977,scisports,8670,"Real Oviedo",f
686460,"Santiago Colombatto",2024-07-31,2404399,1923519,2885279,scisports,8670,"Real Oviedo",f
686460,"Santiago Colombatto",2024-08-31,2403243,1922594,2883891,scisports,8670,"Real Oviedo",f
686460,"Santiago Colombatto",2024-09-30,2404487,1923589,2885384,scisports,8670,"Real Oviedo",f
686460,"Santiago Colombatto",2024-10-31,2400328,1920262,2880394,scisports,8670,"Real Oviedo",f
686460,"Santiago Colombatto",2024-11-30,2399084,1919267,2878901,scisports,8670,"Real Oviedo",f
686460,"Santiago Colombatto",2024-12-31,2400328,1920262,2880394,scisports,8670,"Real Oviedo",f
686460,"Santiago Colombatto",2025-01-30,2340553,1872442,2808664,scisports,8670,"Real Oviedo",f
686460,"Santiago Colombatto",2025-02-27,2357932,1886345,2829518,scisports,8670,"Real Oviedo",f
686460,"Santiago Colombatto",2025-03-30,1989161,1591329,2386993,scisports,8670,"Real Oviedo",f
686460,"Santiago Colombatto",2025-04-30,2024724,1619779,2429669,scisports,8670,"Real Oviedo",f
686460,"Santiago Colombatto",2025-05-31,2046695,1637356,2456034,scisports,8670,"Real Oviedo",f
686460,"Santiago Colombatto",2025-07-01,2006174,1604939,2407409,scisports,8670,"Real Oviedo",f
686460,"Santiago Colombatto",2025-08-01,2247088,1797671,2696506,scisports,8670,"Real Oviedo",f
686460,"Santiago Colombatto",2025-09-01,2060303,1648242,2472363,scisports,8670,"Real Oviedo",f
686460,"Santiago Colombatto",2025-10-01,2022160,1617728,2426592,scisports,8670,"Real Oviedo",f
686460,"Santiago Colombatto",2025-11-01,2003044,1602435,2403653,scisports,8670,"Real Oviedo",f
686460,"Santiago Colombatto",2025-12-01,1995687,1596549,2394824,scisports,8670,"Real Oviedo",f
686460,"Santiago Colombatto",2026-01-01,2002195,1601756,2402634,scisports,8670,"Real Oviedo",f
686460,"Santiago Colombatto",2026-02-01,2017655,1614124,2421186,scisports,8670,"Real Oviedo",f
686460,"Santiago Colombatto",2026-03-01,2080743,1664595,2496892,scisports,8670,"Real Oviedo",f
686460,"Santiago Colombatto",2026-04-01,2080743,1664595,2496892,scisports,8670,"Real Oviedo",f
952095,"\\u00d3scar Mingueza",2016-12-31,110000,80000,140000,scisports,394213,"Barcelona U19",t
952095,"\\u00d3scar Mingueza",2017-06-30,620000,460000,770000,scisports,394213,"Barcelona U19",f
952095,"\\u00d3scar Mingueza",2017-12-31,1130000,850000,1410000,scisports,394213,"Barcelona U19",f
952095,"\\u00d3scar Mingueza",2018-06-30,600000,450000,750000,scisports,161774,"Barca Atletic",t
952095,"\\u00d3scar Mingueza",2018-12-31,70000,50000,90000,scisports,161774,"Barca Atletic",f
952095,"\\u00d3scar Mingueza",2019-06-30,80000,60000,100000,scisports,161774,"Barca Atletic",f
952095,"\\u00d3scar Mingueza",2019-12-31,80000,60000,110000,scisports,8634,Barcelona,t
952095,"\\u00d3scar Mingueza",2020-06-30,2080000,1560000,2600000,scisports,8634,Barcelona,f
952095,"\\u00d3scar Mingueza",2020-12-31,4080000,3060000,5090000,scisports,8634,Barcelona,f
952095,"\\u00d3scar Mingueza",2021-06-30,9330000,7000000,11660000,scisports,8634,Barcelona,f
952095,"\\u00d3scar Mingueza",2021-10-31,14590000,10940000,18230000,scisports,8634,Barcelona,f
952095,"\\u00d3scar Mingueza",2021-11-30,17980000,13490000,22480000,scisports,8634,Barcelona,f
952095,"\\u00d3scar Mingueza",2021-12-31,23290000,17470000,29120000,scisports,8634,Barcelona,f
952095,"\\u00d3scar Mingueza",2022-01-31,20550000,15410000,25690000,scisports,8634,Barcelona,f
952095,"\\u00d3scar Mingueza",2022-02-28,18580000,13940000,23230000,scisports,8634,Barcelona,f
952095,"\\u00d3scar Mingueza",2022-03-31,16990000,12740000,21240000,scisports,8634,Barcelona,f
952095,"\\u00d3scar Mingueza",2022-04-30,9860000,7400000,12330000,scisports,8634,Barcelona,f
952095,"\\u00d3scar Mingueza",2022-05-31,9820000,7370000,12280000,scisports,8634,Barcelona,f
952095,"\\u00d3scar Mingueza",2022-06-30,9290000,6970000,11620000,scisports,8634,Barcelona,f
952095,"\\u00d3scar Mingueza",2022-07-31,8920000,6690000,11150000,scisports,9910,"Celta Vigo",t
952095,"\\u00d3scar Mingueza",2022-08-31,21070000,15810000,26340000,scisports,9910,"Celta Vigo",f
952095,"\\u00d3scar Mingueza",2022-09-04,21410000,16060000,26760000,scisports,9910,"Celta Vigo",f
952095,"\\u00d3scar Mingueza",2022-09-30,21440000,16080000,26800000,scisports,9910,"Celta Vigo",f
952095,"\\u00d3scar Mingueza",2022-10-31,19820000,14870000,24780000,scisports,9910,"Celta Vigo",f
952095,"\\u00d3scar Mingueza",2022-11-30,19590000,14690000,24490000,scisports,9910,"Celta Vigo",f
952095,"\\u00d3scar Mingueza",2022-12-31,19080000,14310000,23850000,scisports,9910,"Celta Vigo",f
952095,"\\u00d3scar Mingueza",2023-01-31,18780000,14080000,23470000,scisports,9910,"Celta Vigo",f
952095,"\\u00d3scar Mingueza",2023-02-28,17730000,13290000,22160000,scisports,9910,"Celta Vigo",f
952095,"\\u00d3scar Mingueza",2023-03-31,16740000,12560000,20930000,scisports,9910,"Celta Vigo",f
952095,"\\u00d3scar Mingueza",2023-04-30,16010000,12000000,20010000,scisports,9910,"Celta Vigo",f
952095,"\\u00d3scar Mingueza",2023-05-31,15870000,11900000,19840000,scisports,9910,"Celta Vigo",f
952095,"\\u00d3scar Mingueza",2023-06-30,13900000,10420000,17380000,scisports,9910,"Celta Vigo",f
952095,"\\u00d3scar Mingueza",2023-07-31,12520000,9390000,15650000,scisports,9910,"Celta Vigo",f
952095,"\\u00d3scar Mingueza",2023-09-01,11680000,8760000,14600000,scisports,9910,"Celta Vigo",f
952095,"\\u00d3scar Mingueza",2023-09-30,11010000,8260000,13760000,scisports,9910,"Celta Vigo",f
952095,"\\u00d3scar Mingueza",2023-10-31,9240000,6930000,11550000,scisports,9910,"Celta Vigo",f
952095,"\\u00d3scar Mingueza",2023-11-30,7850000,5890000,9820000,scisports,9910,"Celta Vigo",f
952095,"\\u00d3scar Mingueza",2023-12-31,7780000,5840000,9730000,scisports,9910,"Celta Vigo",f
952095,"\\u00d3scar Mingueza",2024-01-31,9730000,8270500,11189500,scisports,9910,"Celta Vigo",f
952095,"\\u00d3scar Mingueza",2024-02-29,11189500,10070550,12308450,scisports,9910,"Celta Vigo",f
952095,"\\u00d3scar Mingueza",2024-03-31,12308450,11077605,13539295,scisports,9910,"Celta Vigo",f
952095,"\\u00d3scar Mingueza",2024-04-30,13539295,12185365,14893224,scisports,9910,"Celta Vigo",f
952095,"\\u00d3scar Mingueza",2024-05-31,14893224,13403901,16382546,scisports,9910,"Celta Vigo",f
952095,"\\u00d3scar Mingueza",2024-06-30,16382546,14744291,18020800,scisports,9910,"Celta Vigo",f
952095,"\\u00d3scar Mingueza",2024-07-31,17993818,16194436,19793200,scisports,9910,"Celta Vigo",f
952095,"\\u00d3scar Mingueza",2024-08-31,17993818,16194436,19793200,scisports,9910,"Celta Vigo",f
952095,"\\u00d3scar Mingueza",2024-09-30,19394254,17454829,21333680,scisports,9910,"Celta Vigo",f
952095,"\\u00d3scar Mingueza",2024-10-31,21333680,19200312,23467048,scisports,9910,"Celta Vigo",f
952095,"\\u00d3scar Mingueza",2024-11-30,19200312,17280280,21120343,scisports,9910,"Celta Vigo",f
952095,"\\u00d3scar Mingueza",2024-12-31,19215124,17293611,21136636,scisports,9910,"Celta Vigo",f
952095,"\\u00d3scar Mingueza",2025-01-30,18376376,16538739,20214014,scisports,9910,"Celta Vigo",f
952095,"\\u00d3scar Mingueza",2025-02-27,18376376,16538739,20214014,scisports,9910,"Celta Vigo",f
952095,"\\u00d3scar Mingueza",2025-03-30,18357711,16521940,20193482,scisports,9910,"Celta Vigo",f
952095,"\\u00d3scar Mingueza",2025-04-30,18701206,16831085,20571327,scisports,9910,"Celta Vigo",f
952095,"\\u00d3scar Mingueza",2025-05-31,18701206,16831085,20571327,scisports,9910,"Celta Vigo",f
952095,"\\u00d3scar Mingueza",2025-07-01,16289566,14660609,17918523,scisports,9910,"Celta Vigo",f
952095,"\\u00d3scar Mingueza",2025-08-01,16289566,14660609,17918523,scisports,9910,"Celta Vigo",f
952095,"\\u00d3scar Mingueza",2025-09-01,16289566,14660609,17918523,scisports,9910,"Celta Vigo",f
952095,"\\u00d3scar Mingueza",2025-10-01,16104572,14494115,17715029,scisports,9910,"Celta Vigo",f
952095,"\\u00d3scar Mingueza",2025-11-01,14217844,12796059,15639628,scisports,9910,"Celta Vigo",f
952095,"\\u00d3scar Mingueza",2025-12-01,13966158,12569542,15362774,scisports,9910,"Celta Vigo",f
952095,"\\u00d3scar Mingueza",2026-01-01,14396555,12956899,15836210,scisports,9910,"Celta Vigo",f
191315,Isco,2022-12-31,14400000,10800000,18000000,scisports,,,t
952095,"\\u00d3scar Mingueza",2026-02-01,14396555,12956899,15836210,scisports,9910,"Celta Vigo",f
952095,"\\u00d3scar Mingueza",2026-03-01,14396555,12956899,15836210,scisports,9910,"Celta Vigo",f
952095,"\\u00d3scar Mingueza",2026-04-01,14396555,12956899,15836210,scisports,9910,"Celta Vigo",f
954962,"David Carmo",2018-12-31,70000,50000,90000,scisports,338303,"Braga B",t
954962,"David Carmo",2019-06-30,150000,110000,180000,scisports,10264,Braga,t
954962,"David Carmo",2019-12-31,220000,170000,280000,scisports,10264,Braga,f
954962,"David Carmo",2020-06-30,4680000,3510000,5850000,scisports,10264,Braga,f
954962,"David Carmo",2020-12-31,9130000,6850000,11420000,scisports,10264,Braga,f
954962,"David Carmo",2021-06-30,7430000,5570000,9290000,scisports,10264,Braga,f
954962,"David Carmo",2021-10-31,5730000,4300000,7160000,scisports,10264,Braga,f
954962,"David Carmo",2021-11-30,5420000,4070000,6780000,scisports,10264,Braga,f
954962,"David Carmo",2021-12-31,4530000,3400000,5660000,scisports,10264,Braga,f
954962,"David Carmo",2022-01-31,3920000,2940000,4900000,scisports,10264,Braga,f
954962,"David Carmo",2022-02-28,3280000,2460000,4100000,scisports,10264,Braga,f
954962,"David Carmo",2022-03-31,2850000,2140000,3560000,scisports,10264,Braga,f
954962,"David Carmo",2022-04-30,2670000,2000000,3340000,scisports,10264,Braga,f
954962,"David Carmo",2022-05-31,3010000,2260000,3760000,scisports,10264,Braga,f
954962,"David Carmo",2022-06-30,3040000,2280000,3800000,scisports,9773,"FC Porto",t
954962,"David Carmo",2022-07-31,3040000,2280000,3810000,scisports,9773,"FC Porto",f
954962,"David Carmo",2022-08-31,10070000,7560000,12590000,scisports,9773,"FC Porto",f
954962,"David Carmo",2022-09-04,10070000,7560000,12590000,scisports,9773,"FC Porto",f
954962,"David Carmo",2022-09-30,10650000,7990000,13320000,scisports,9773,"FC Porto",f
954962,"David Carmo",2022-10-31,11930000,8950000,14910000,scisports,9773,"FC Porto",f
954962,"David Carmo",2022-11-30,12010000,9010000,15010000,scisports,9773,"FC Porto",f
954962,"David Carmo",2022-12-31,12130000,9100000,15160000,scisports,9773,"FC Porto",f
954962,"David Carmo",2023-01-31,12160000,9120000,15200000,scisports,9773,"FC Porto",f
954962,"David Carmo",2023-02-28,12010000,9010000,15020000,scisports,9773,"FC Porto",f
954962,"David Carmo",2023-03-31,11740000,8800000,14670000,scisports,9773,"FC Porto",f
954962,"David Carmo",2023-04-30,11350000,8510000,14190000,scisports,9773,"FC Porto",f
954962,"David Carmo",2023-05-31,10740000,8050000,13420000,scisports,9773,"FC Porto",f
954962,"David Carmo",2023-06-30,8660000,6500000,10820000,scisports,9773,"FC Porto",f
954962,"David Carmo",2023-07-31,7300000,5480000,9130000,scisports,9773,"FC Porto",f
954962,"David Carmo",2023-09-01,7450000,5590000,9310000,scisports,9773,"FC Porto",f
954962,"David Carmo",2023-09-30,6200000,4650000,7750000,scisports,9773,"FC Porto",f
954962,"David Carmo",2023-10-31,5270000,3950000,6590000,scisports,9773,"FC Porto",f
954962,"David Carmo",2023-11-30,4780000,3590000,5980000,scisports,9773,"FC Porto",f
954962,"David Carmo",2023-12-31,4440000,3330000,5550000,scisports,9773,"FC Porto",f
954962,"David Carmo",2024-01-31,5550000,4717500,6382499,scisports,8638,Olympiacos,t
954962,"David Carmo",2024-02-29,6382499,5425124,7339873,scisports,8638,Olympiacos,f
954962,"David Carmo",2024-03-31,7339873,6238892,8440853,scisports,8638,Olympiacos,f
954962,"David Carmo",2024-04-30,8440853,7174725,9706980,scisports,8638,Olympiacos,f
954962,"David Carmo",2024-05-31,9706980,8250933,11163027,scisports,8638,Olympiacos,f
954962,"David Carmo",2024-06-30,11163027,10046724,12279329,scisports,9773,"FC Porto",t
954962,"David Carmo",2024-07-31,12279329,11051396,13507261,scisports,9773,"FC Porto",f
954962,"David Carmo",2024-08-31,13507261,12156534,14857987,scisports,8638,Olympiacos,t
954962,"David Carmo",2024-09-30,13625174,12262657,14987692,scisports,8638,Olympiacos,f
954962,"David Carmo",2024-10-31,13495324,12145791,14844856,scisports,8638,Olympiacos,f
954962,"David Carmo",2024-11-30,13427613,12084852,14770375,scisports,8638,Olympiacos,f
954962,"David Carmo",2024-12-31,13455996,12110397,14801596,scisports,8638,Olympiacos,f
954962,"David Carmo",2025-01-30,13545873,12191286,14900460,scisports,8638,Olympiacos,f
954962,"David Carmo",2025-02-27,13474778,12127300,14822255,scisports,8638,Olympiacos,f
954962,"David Carmo",2025-03-30,13385154,12046638,14723669,scisports,8638,Olympiacos,f
954962,"David Carmo",2025-04-30,13545873,12191286,14900460,scisports,8638,Olympiacos,f
954962,"David Carmo",2025-05-31,13545873,12191286,14900460,scisports,8638,Olympiacos,f
954962,"David Carmo",2025-07-01,13223888,11901499,14546276,scisports,10203,"Nottingham Forest",t
954962,"David Carmo",2025-08-01,13223888,11901499,14546276,scisports,10203,"Nottingham Forest",f
954962,"David Carmo",2025-09-01,11344107,10209697,12478518,scisports,8670,"Real Oviedo",t
954962,"David Carmo",2025-10-01,11325326,10192794,12457859,scisports,8670,"Real Oviedo",f
954962,"David Carmo",2025-11-01,11344107,10209697,12478518,scisports,8670,"Real Oviedo",f
954962,"David Carmo",2025-12-01,11344107,10209697,12478518,scisports,8670,"Real Oviedo",f
954962,"David Carmo",2026-01-01,11344107,10209697,12478518,scisports,8670,"Real Oviedo",f
954962,"David Carmo",2026-02-01,11399424,10259482,12539366,scisports,8670,"Real Oviedo",f
954962,"David Carmo",2026-03-01,11353457,10218111,12488803,scisports,8670,"Real Oviedo",f
954962,"David Carmo",2026-04-01,11353457,10218111,12488803,scisports,8670,"Real Oviedo",f
956622,"\\u00d3scar Valent\\u00edn",2017-12-31,60000,50000,80000,scisports,189674,"Rayo Majadahonda",t
956622,"\\u00d3scar Valent\\u00edn",2018-06-30,130000,90000,160000,scisports,189674,"Rayo Majadahonda",f
956622,"\\u00d3scar Valent\\u00edn",2018-12-31,190000,140000,240000,scisports,189674,"Rayo Majadahonda",f
956622,"\\u00d3scar Valent\\u00edn",2019-06-30,130000,100000,160000,scisports,8370,"Rayo Vallecano",t
956622,"\\u00d3scar Valent\\u00edn",2019-12-31,70000,50000,80000,scisports,8370,"Rayo Vallecano",f
191315,Isco,2023-01-31,13940000,10460000,17430000,scisports,,,f
956622,"\\u00d3scar Valent\\u00edn",2020-06-30,250000,190000,320000,scisports,8370,"Rayo Vallecano",f
956622,"\\u00d3scar Valent\\u00edn",2020-12-31,440000,330000,550000,scisports,8370,"Rayo Vallecano",f
956622,"\\u00d3scar Valent\\u00edn",2021-06-30,1020000,760000,1270000,scisports,8370,"Rayo Vallecano",f
956622,"\\u00d3scar Valent\\u00edn",2021-10-31,1590000,1200000,1990000,scisports,8370,"Rayo Vallecano",f
956622,"\\u00d3scar Valent\\u00edn",2021-11-30,2310000,1730000,2880000,scisports,8370,"Rayo Vallecano",f
956622,"\\u00d3scar Valent\\u00edn",2021-12-31,3180000,2390000,3980000,scisports,8370,"Rayo Vallecano",f
956622,"\\u00d3scar Valent\\u00edn",2022-01-31,3710000,2780000,4630000,scisports,8370,"Rayo Vallecano",f
956622,"\\u00d3scar Valent\\u00edn",2022-02-28,3820000,2860000,4770000,scisports,8370,"Rayo Vallecano",f
956622,"\\u00d3scar Valent\\u00edn",2022-03-31,4220000,3160000,5270000,scisports,8370,"Rayo Vallecano",f
956622,"\\u00d3scar Valent\\u00edn",2022-04-30,5500000,4130000,6880000,scisports,8370,"Rayo Vallecano",f
956622,"\\u00d3scar Valent\\u00edn",2022-05-31,6350000,4760000,7940000,scisports,8370,"Rayo Vallecano",f
956622,"\\u00d3scar Valent\\u00edn",2022-06-30,6960000,5220000,8700000,scisports,8370,"Rayo Vallecano",f
956622,"\\u00d3scar Valent\\u00edn",2022-07-31,7360000,5520000,9190000,scisports,8370,"Rayo Vallecano",f
956622,"\\u00d3scar Valent\\u00edn",2022-08-31,7650000,5740000,9560000,scisports,8370,"Rayo Vallecano",f
956622,"\\u00d3scar Valent\\u00edn",2022-09-04,7870000,5910000,9840000,scisports,8370,"Rayo Vallecano",f
956622,"\\u00d3scar Valent\\u00edn",2022-09-30,6640000,4980000,8290000,scisports,8370,"Rayo Vallecano",f
956622,"\\u00d3scar Valent\\u00edn",2022-10-31,5730000,4300000,7160000,scisports,8370,"Rayo Vallecano",f
956622,"\\u00d3scar Valent\\u00edn",2022-11-30,5800000,4350000,7240000,scisports,8370,"Rayo Vallecano",f
956622,"\\u00d3scar Valent\\u00edn",2022-12-31,5880000,4410000,7350000,scisports,8370,"Rayo Vallecano",f
956622,"\\u00d3scar Valent\\u00edn",2023-01-31,6060000,4540000,7570000,scisports,8370,"Rayo Vallecano",f
956622,"\\u00d3scar Valent\\u00edn",2023-02-28,6310000,4730000,7890000,scisports,8370,"Rayo Vallecano",f
956622,"\\u00d3scar Valent\\u00edn",2023-03-31,6640000,4980000,8300000,scisports,8370,"Rayo Vallecano",f
956622,"\\u00d3scar Valent\\u00edn",2023-04-30,6910000,5190000,8640000,scisports,8370,"Rayo Vallecano",f
956622,"\\u00d3scar Valent\\u00edn",2023-05-31,7160000,5370000,8950000,scisports,8370,"Rayo Vallecano",f
956622,"\\u00d3scar Valent\\u00edn",2023-06-30,5460000,4100000,6820000,scisports,8370,"Rayo Vallecano",f
956622,"\\u00d3scar Valent\\u00edn",2023-07-31,4210000,3160000,5260000,scisports,8370,"Rayo Vallecano",f
956622,"\\u00d3scar Valent\\u00edn",2023-09-01,4030000,3020000,5030000,scisports,8370,"Rayo Vallecano",f
956622,"\\u00d3scar Valent\\u00edn",2023-09-30,5790000,4340000,7240000,scisports,8370,"Rayo Vallecano",f
956622,"\\u00d3scar Valent\\u00edn",2023-10-31,5820000,4370000,7280000,scisports,8370,"Rayo Vallecano",f
956622,"\\u00d3scar Valent\\u00edn",2023-11-30,7550000,5660000,9440000,scisports,8370,"Rayo Vallecano",f
956622,"\\u00d3scar Valent\\u00edn",2023-12-31,8180000,6140000,10230000,scisports,8370,"Rayo Vallecano",f
956622,"\\u00d3scar Valent\\u00edn",2024-01-31,6140000,5219000,7060999,scisports,8370,"Rayo Vallecano",f
956622,"\\u00d3scar Valent\\u00edn",2024-02-29,5219000,4436150,6001850,scisports,8370,"Rayo Vallecano",f
956622,"\\u00d3scar Valent\\u00edn",2024-03-31,4436150,3548920,5323380,scisports,8370,"Rayo Vallecano",f
956622,"\\u00d3scar Valent\\u00edn",2024-04-30,4141176,3312941,4969412,scisports,8370,"Rayo Vallecano",f
956622,"\\u00d3scar Valent\\u00edn",2024-05-31,4324639,3459711,5189567,scisports,8370,"Rayo Vallecano",f
956622,"\\u00d3scar Valent\\u00edn",2024-06-30,4472660,3578128,5367192,scisports,8370,"Rayo Vallecano",f
956622,"\\u00d3scar Valent\\u00edn",2024-07-31,3578128,2862502,4293753,scisports,8370,"Rayo Vallecano",f
956622,"\\u00d3scar Valent\\u00edn",2024-08-31,2862502,2290001,3435002,scisports,8370,"Rayo Vallecano",f
956622,"\\u00d3scar Valent\\u00edn",2024-09-30,2638372,2110697,3166046,scisports,8370,"Rayo Vallecano",f
956622,"\\u00d3scar Valent\\u00edn",2024-10-31,2689552,2151642,3227463,scisports,8370,"Rayo Vallecano",f
956622,"\\u00d3scar Valent\\u00edn",2024-11-30,2609520,2087616,3131424,scisports,8370,"Rayo Vallecano",f
956622,"\\u00d3scar Valent\\u00edn",2024-12-31,2609508,2087606,3131409,scisports,8370,"Rayo Vallecano",f
956622,"\\u00d3scar Valent\\u00edn",2025-01-30,2609508,2087606,3131409,scisports,8370,"Rayo Vallecano",f
956622,"\\u00d3scar Valent\\u00edn",2025-02-27,2638359,2110687,3166031,scisports,8370,"Rayo Vallecano",f
956622,"\\u00d3scar Valent\\u00edn",2025-03-30,2601261,2081008,3121513,scisports,8370,"Rayo Vallecano",f
956622,"\\u00d3scar Valent\\u00edn",2025-04-30,2601261,2081008,3121513,scisports,8370,"Rayo Vallecano",f
956622,"\\u00d3scar Valent\\u00edn",2025-05-31,2583210,2066568,3099852,scisports,8370,"Rayo Vallecano",f
956622,"\\u00d3scar Valent\\u00edn",2025-07-01,2013714,1610971,2416457,scisports,8370,"Rayo Vallecano",f
956622,"\\u00d3scar Valent\\u00edn",2025-08-01,2013714,1610971,2416457,scisports,8370,"Rayo Vallecano",f
956622,"\\u00d3scar Valent\\u00edn",2025-09-01,1786631,1429305,2143957,scisports,8370,"Rayo Vallecano",f
956622,"\\u00d3scar Valent\\u00edn",2025-10-01,1732955,1386364,2079546,scisports,8370,"Rayo Vallecano",f
956622,"\\u00d3scar Valent\\u00edn",2025-11-01,2006209,1604967,2407451,scisports,8370,"Rayo Vallecano",f
956622,"\\u00d3scar Valent\\u00edn",2025-12-01,1959032,1567226,2350839,scisports,8370,"Rayo Vallecano",f
956622,"\\u00d3scar Valent\\u00edn",2026-01-01,1867838,1494271,2241406,scisports,8370,"Rayo Vallecano",f
956622,"\\u00d3scar Valent\\u00edn",2026-02-01,1869564,1495651,2243477,scisports,8370,"Rayo Vallecano",f
956622,"\\u00d3scar Valent\\u00edn",2026-03-01,1872009,1497607,2246411,scisports,8370,"Rayo Vallecano",f
956622,"\\u00d3scar Valent\\u00edn",2026-04-01,1895050,1516040,2274060,scisports,8370,"Rayo Vallecano",f
958640,"Akor Adams",2018-12-31,70000,50000,90000,scisports,8616,Sogndal,t
958640,"Akor Adams",2019-06-30,60000,50000,80000,scisports,8616,Sogndal,f
958640,"Akor Adams",2019-12-31,50000,40000,60000,scisports,8616,Sogndal,f
958640,"Akor Adams",2020-06-30,70000,60000,90000,scisports,8616,Sogndal,f
958640,"Akor Adams",2020-12-31,100000,70000,120000,scisports,8616,Sogndal,f
958640,"Akor Adams",2021-06-30,100000,80000,130000,scisports,8616,Sogndal,f
958640,"Akor Adams",2021-10-31,100000,80000,130000,scisports,8616,Sogndal,f
958640,"Akor Adams",2021-11-30,140000,110000,180000,scisports,8616,Sogndal,f
958640,"Akor Adams",2021-12-31,160000,120000,200000,scisports,8476,"Lillestr\\u00f8m",t
958640,"Akor Adams",2022-01-31,350000,260000,440000,scisports,8476,"Lillestr\\u00f8m",f
958640,"Akor Adams",2022-02-28,340000,250000,420000,scisports,8476,"Lillestr\\u00f8m",f
958640,"Akor Adams",2022-03-31,330000,240000,410000,scisports,8476,"Lillestr\\u00f8m",f
958640,"Akor Adams",2022-04-30,210000,150000,260000,scisports,8476,"Lillestr\\u00f8m",f
958640,"Akor Adams",2022-05-31,210000,150000,260000,scisports,8476,"Lillestr\\u00f8m",f
958640,"Akor Adams",2022-06-30,240000,180000,300000,scisports,8476,"Lillestr\\u00f8m",f
958640,"Akor Adams",2022-07-31,250000,180000,310000,scisports,8476,"Lillestr\\u00f8m",f
958640,"Akor Adams",2022-08-31,290000,210000,360000,scisports,8476,"Lillestr\\u00f8m",f
958640,"Akor Adams",2022-09-04,300000,220000,370000,scisports,8476,"Lillestr\\u00f8m",f
958640,"Akor Adams",2022-09-30,280000,210000,350000,scisports,8476,"Lillestr\\u00f8m",f
958640,"Akor Adams",2022-10-31,250000,190000,310000,scisports,8476,"Lillestr\\u00f8m",f
958640,"Akor Adams",2022-11-30,250000,180000,310000,scisports,8476,"Lillestr\\u00f8m",f
958640,"Akor Adams",2022-12-31,240000,180000,300000,scisports,8476,"Lillestr\\u00f8m",f
958640,"Akor Adams",2023-01-31,230000,170000,290000,scisports,8476,"Lillestr\\u00f8m",f
958640,"Akor Adams",2023-02-28,220000,170000,280000,scisports,8476,"Lillestr\\u00f8m",f
958640,"Akor Adams",2023-03-31,220000,160000,270000,scisports,8476,"Lillestr\\u00f8m",f
958640,"Akor Adams",2023-04-30,220000,160000,270000,scisports,8476,"Lillestr\\u00f8m",f
958640,"Akor Adams",2023-05-31,220000,170000,280000,scisports,8476,"Lillestr\\u00f8m",f
958640,"Akor Adams",2023-06-30,290000,220000,360000,scisports,8476,"Lillestr\\u00f8m",f
958640,"Akor Adams",2023-07-31,400000,300000,500000,scisports,10249,Montpellier,t
958640,"Akor Adams",2023-09-01,2680000,2010000,3350000,scisports,10249,Montpellier,f
958640,"Akor Adams",2023-09-30,3310000,2480000,4130000,scisports,10249,Montpellier,f
958640,"Akor Adams",2023-10-31,3780000,2840000,4730000,scisports,10249,Montpellier,f
958640,"Akor Adams",2023-11-30,3980000,2980000,4970000,scisports,10249,Montpellier,f
958640,"Akor Adams",2023-12-31,5940000,4460000,7430000,scisports,10249,Montpellier,f
958640,"Akor Adams",2024-01-31,7430000,6315500,8544500,scisports,10249,Montpellier,f
958640,"Akor Adams",2024-02-29,8544500,7262825,9826175,scisports,10249,Montpellier,f
958640,"Akor Adams",2024-03-31,9826175,8352248,11300101,scisports,10249,Montpellier,f
958640,"Akor Adams",2024-04-30,11300101,10170090,12430111,scisports,10249,Montpellier,f
958640,"Akor Adams",2024-05-31,11409870,10268883,12550857,scisports,10249,Montpellier,f
958640,"Akor Adams",2024-06-30,11144078,10029670,12258486,scisports,10249,Montpellier,f
958640,"Akor Adams",2024-07-31,11099924,9989932,12209917,scisports,10249,Montpellier,f
958640,"Akor Adams",2024-08-31,11099924,9989932,12209917,scisports,10249,Montpellier,f
958640,"Akor Adams",2024-09-30,10741930,9667737,11816124,scisports,10249,Montpellier,f
958640,"Akor Adams",2024-10-31,10560880,9504792,11616968,scisports,10249,Montpellier,f
958640,"Akor Adams",2024-11-30,10433786,9390408,11477165,scisports,10249,Montpellier,f
958640,"Akor Adams",2024-12-31,10280900,9252810,11308990,scisports,10249,Montpellier,f
958640,"Akor Adams",2025-01-30,10299681,9269713,11329649,scisports,8302,Sevilla,t
958640,"Akor Adams",2025-02-27,10299681,9269713,11329649,scisports,8302,Sevilla,f
958640,"Akor Adams",2025-03-30,8821607,7498365,10144848,scisports,8302,Sevilla,f
958640,"Akor Adams",2025-04-30,8821607,7498365,10144848,scisports,8302,Sevilla,f
958640,"Akor Adams",2025-05-31,8821607,7498365,10144848,scisports,8302,Sevilla,f
958640,"Akor Adams",2025-07-01,6258072,5319361,7196783,scisports,8302,Sevilla,f
958640,"Akor Adams",2025-08-01,6258072,5319361,7196783,scisports,8302,Sevilla,f
958640,"Akor Adams",2025-09-01,6258072,5319361,7196783,scisports,8302,Sevilla,f
958640,"Akor Adams",2025-10-01,6114951,5197709,7032194,scisports,8302,Sevilla,f
958640,"Akor Adams",2025-11-01,6013441,5111424,6915457,scisports,8302,Sevilla,f
958640,"Akor Adams",2025-12-01,6091373,5177667,7005079,scisports,8302,Sevilla,f
958640,"Akor Adams",2026-01-01,6128687,5209384,7047990,scisports,8302,Sevilla,f
958640,"Akor Adams",2026-02-01,5993843,5094766,6892919,scisports,8302,Sevilla,f
958640,"Akor Adams",2026-03-01,5961726,5067467,6855985,scisports,8302,Sevilla,f
958640,"Akor Adams",2026-04-01,5971566,5075831,6867300,scisports,8302,Sevilla,f
1083323,Pedri,2019-12-31,2010000,1510000,2520000,scisports,8306,"Las Palmas",t
1083323,Pedri,2020-06-30,7590000,5700000,9490000,scisports,8634,Barcelona,t
1083323,Pedri,2020-12-31,13180000,9880000,16470000,scisports,8634,Barcelona,f
1083323,Pedri,2021-06-30,42340000,31760000,52930000,scisports,8634,Barcelona,f
1083323,Pedri,2021-10-31,71510000,53630000,89390000,scisports,8634,Barcelona,f
1083323,Pedri,2021-11-30,72000000,54000000,90010000,scisports,8634,Barcelona,f
1083323,Pedri,2021-12-31,70260000,52700000,87830000,scisports,8634,Barcelona,f
1083323,Pedri,2022-01-31,64630000,48470000,80780000,scisports,8634,Barcelona,f
1083323,Pedri,2022-02-28,61570000,46180000,76960000,scisports,8634,Barcelona,f
1083323,Pedri,2022-03-31,60220000,45170000,75280000,scisports,8634,Barcelona,f
1083323,Pedri,2022-04-30,59490000,44620000,74360000,scisports,8634,Barcelona,f
1083323,Pedri,2022-05-31,57330000,43000000,71660000,scisports,8634,Barcelona,f
1083323,Pedri,2022-06-30,53340000,40000000,66670000,scisports,8634,Barcelona,f
1083323,Pedri,2022-07-31,50770000,38080000,63470000,scisports,8634,Barcelona,f
1083323,Pedri,2022-08-31,54630000,40970000,68280000,scisports,8634,Barcelona,f
1083323,Pedri,2022-09-04,50510000,37880000,63140000,scisports,8634,Barcelona,f
1083323,Pedri,2022-09-30,60730000,45550000,75920000,scisports,8634,Barcelona,f
1083323,Pedri,2022-10-31,55300000,41470000,69120000,scisports,8634,Barcelona,f
1083323,Pedri,2022-11-30,59310000,44480000,74140000,scisports,8634,Barcelona,f
1083323,Pedri,2022-12-31,64100000,48080000,80120000,scisports,8634,Barcelona,f
1083323,Pedri,2023-01-31,68200000,51150000,85250000,scisports,8634,Barcelona,f
1083323,Pedri,2023-02-28,74480000,55860000,93100000,scisports,8634,Barcelona,f
1083323,Pedri,2023-03-31,76540000,57410000,95680000,scisports,8634,Barcelona,f
1083323,Pedri,2023-04-30,68930000,51690000,86160000,scisports,8634,Barcelona,f
1083323,Pedri,2023-05-31,61660000,46240000,77070000,scisports,8634,Barcelona,f
1083323,Pedri,2023-06-30,56040000,42030000,70050000,scisports,8634,Barcelona,f
1083323,Pedri,2023-07-31,54020000,40520000,67530000,scisports,8634,Barcelona,f
1083323,Pedri,2023-09-01,53900000,40420000,67370000,scisports,8634,Barcelona,f
1083323,Pedri,2023-09-30,54780000,41090000,68480000,scisports,8634,Barcelona,f
1083323,Pedri,2023-10-31,53020000,39770000,66280000,scisports,8634,Barcelona,f
1083323,Pedri,2023-11-30,55540000,41660000,69430000,scisports,8634,Barcelona,f
1083323,Pedri,2023-12-31,64710000,48530000,80890000,scisports,8634,Barcelona,f
1083323,Pedri,2024-01-31,80890000,72801000,88979000,scisports,8634,Barcelona,f
1083323,Pedri,2024-02-29,88979000,80081100,97876900,scisports,8634,Barcelona,f
1083323,Pedri,2024-03-31,97876900,88089210,107664590,scisports,8634,Barcelona,f
1083323,Pedri,2024-04-30,107664590,96898131,118431049,scisports,8634,Barcelona,f
1083323,Pedri,2024-05-31,113067321,101760589,124374053,scisports,8634,Barcelona,f
1083323,Pedri,2024-06-30,113215183,101893665,124536702,scisports,8634,Barcelona,f
1083323,Pedri,2024-07-31,113347838,102013054,124682622,scisports,8634,Barcelona,f
1083323,Pedri,2024-08-31,115500139,103950125,127050153,scisports,8634,Barcelona,f
1083323,Pedri,2024-09-30,114624177,103161759,126086594,scisports,8634,Barcelona,f
1083323,Pedri,2024-10-31,107695960,96926364,118465556,scisports,8634,Barcelona,f
1083323,Pedri,2024-11-30,105742642,95168377,116316906,scisports,8634,Barcelona,f
1083323,Pedri,2024-12-31,116316906,104685215,127948596,scisports,8634,Barcelona,f
1083323,Pedri,2025-01-30,129733779,116760401,142707157,scisports,8634,Barcelona,f
1083323,Pedri,2025-02-27,129733779,116760401,142707157,scisports,8634,Barcelona,f
1083323,Pedri,2025-03-30,143883598,129495238,158271958,scisports,8634,Barcelona,f
1083323,Pedri,2025-04-30,144648179,130183361,159112997,scisports,8634,Barcelona,f
1083323,Pedri,2025-05-31,142978335,128680502,157276169,scisports,8634,Barcelona,f
1083323,Pedri,2025-07-01,137905249,124114724,151695774,scisports,8634,Barcelona,f
1083323,Pedri,2025-08-01,137905249,124114724,151695774,scisports,8634,Barcelona,f
1083323,Pedri,2025-09-01,137905249,124114724,151695774,scisports,8634,Barcelona,f
1083323,Pedri,2025-10-01,101892944,91703650,112082239,scisports,8634,Barcelona,f
1083323,Pedri,2025-11-01,102896182,92606564,113185801,scisports,8634,Barcelona,f
1083323,Pedri,2025-12-01,107931049,97137944,118724154,scisports,8634,Barcelona,f
1083323,Pedri,2026-01-01,102919446,92627501,113211391,scisports,8634,Barcelona,f
1083323,Pedri,2026-02-01,102919446,92627501,113211391,scisports,8634,Barcelona,f
1083323,Pedri,2026-03-01,107931049,97137944,118724154,scisports,8634,Barcelona,f
1083323,Pedri,2026-04-01,107931049,97137944,118724154,scisports,8634,Barcelona,f
1132355,"\\u00c1lvaro N\\u00fa\\u00f1ez",2020-12-31,220000,170000,280000,scisports,189627,"CD Basconia",t
1132355,"\\u00c1lvaro N\\u00fa\\u00f1ez",2021-06-30,180000,130000,220000,scisports,161850,"Athletic Club B",t
1132355,"\\u00c1lvaro N\\u00fa\\u00f1ez",2021-10-31,130000,100000,170000,scisports,161850,"Athletic Club B",f
1132355,"\\u00c1lvaro N\\u00fa\\u00f1ez",2021-11-30,260000,190000,320000,scisports,161850,"Athletic Club B",f
1132355,"\\u00c1lvaro N\\u00fa\\u00f1ez",2021-12-31,250000,190000,310000,scisports,161850,"Athletic Club B",f
1132355,"\\u00c1lvaro N\\u00fa\\u00f1ez",2022-01-31,230000,170000,290000,scisports,161850,"Athletic Club B",f
1132355,"\\u00c1lvaro N\\u00fa\\u00f1ez",2022-02-28,230000,170000,290000,scisports,161850,"Athletic Club B",f
1132355,"\\u00c1lvaro N\\u00fa\\u00f1ez",2022-03-31,220000,160000,270000,scisports,161850,"Athletic Club B",f
1132355,"\\u00c1lvaro N\\u00fa\\u00f1ez",2022-04-30,180000,130000,220000,scisports,161850,"Athletic Club B",f
1132355,"\\u00c1lvaro N\\u00fa\\u00f1ez",2022-05-31,180000,130000,220000,scisports,161850,"Athletic Club B",f
1132355,"\\u00c1lvaro N\\u00fa\\u00f1ez",2022-06-30,240000,180000,290000,scisports,161774,"Barca Atletic",t
1132355,"\\u00c1lvaro N\\u00fa\\u00f1ez",2022-07-31,80000,60000,100000,scisports,161774,"Barca Atletic",f
1132355,"\\u00c1lvaro N\\u00fa\\u00f1ez",2022-08-31,80000,60000,100000,scisports,161774,"Barca Atletic",f
1132355,"\\u00c1lvaro N\\u00fa\\u00f1ez",2022-09-04,80000,60000,100000,scisports,161774,"Barca Atletic",f
1132355,"\\u00c1lvaro N\\u00fa\\u00f1ez",2022-09-30,90000,60000,110000,scisports,161774,"Barca Atletic",f
1132355,"\\u00c1lvaro N\\u00fa\\u00f1ez",2022-10-31,100000,80000,130000,scisports,161774,"Barca Atletic",f
1132355,"\\u00c1lvaro N\\u00fa\\u00f1ez",2022-11-30,100000,80000,130000,scisports,161774,"Barca Atletic",f
1132355,"\\u00c1lvaro N\\u00fa\\u00f1ez",2022-12-31,100000,80000,120000,scisports,161774,"Barca Atletic",f
1132355,"\\u00c1lvaro N\\u00fa\\u00f1ez",2023-01-31,100000,80000,130000,scisports,161774,"Barca Atletic",f
1132355,"\\u00c1lvaro N\\u00fa\\u00f1ez",2023-02-28,110000,80000,130000,scisports,161774,"Barca Atletic",f
1132355,"\\u00c1lvaro N\\u00fa\\u00f1ez",2023-03-31,100000,80000,130000,scisports,161774,"Barca Atletic",f
191315,Isco,2023-02-28,13540000,10150000,16920000,scisports,,,f
1132355,"\\u00c1lvaro N\\u00fa\\u00f1ez",2023-04-30,100000,70000,120000,scisports,161774,"Barca Atletic",f
1132355,"\\u00c1lvaro N\\u00fa\\u00f1ez",2023-05-31,100000,80000,130000,scisports,161774,"Barca Atletic",f
1132355,"\\u00c1lvaro N\\u00fa\\u00f1ez",2023-06-30,110000,80000,140000,scisports,189624,"SD Amorebieta",t
1132355,"\\u00c1lvaro N\\u00fa\\u00f1ez",2023-07-31,150000,110000,190000,scisports,189624,"SD Amorebieta",f
1132355,"\\u00c1lvaro N\\u00fa\\u00f1ez",2023-09-01,160000,120000,190000,scisports,189624,"SD Amorebieta",f
1132355,"\\u00c1lvaro N\\u00fa\\u00f1ez",2023-09-30,130000,100000,170000,scisports,189624,"SD Amorebieta",f
1132355,"\\u00c1lvaro N\\u00fa\\u00f1ez",2023-10-31,130000,100000,160000,scisports,189624,"SD Amorebieta",f
1132355,"\\u00c1lvaro N\\u00fa\\u00f1ez",2023-11-30,140000,100000,170000,scisports,189624,"SD Amorebieta",f
1132355,"\\u00c1lvaro N\\u00fa\\u00f1ez",2023-12-31,120000,90000,150000,scisports,189624,"SD Amorebieta",f
1132355,"\\u00c1lvaro N\\u00fa\\u00f1ez",2024-01-31,150000,120000,180000,scisports,189624,"SD Amorebieta",f
1132355,"\\u00c1lvaro N\\u00fa\\u00f1ez",2024-02-29,180000,144000,216000,scisports,189624,"SD Amorebieta",f
1132355,"\\u00c1lvaro N\\u00fa\\u00f1ez",2024-03-31,216000,172800,259200,scisports,189624,"SD Amorebieta",f
1132355,"\\u00c1lvaro N\\u00fa\\u00f1ez",2024-04-30,259200,207360,311040,scisports,189624,"SD Amorebieta",f
1132355,"\\u00c1lvaro N\\u00fa\\u00f1ez",2024-05-31,311040,248832,373248,scisports,189624,"SD Amorebieta",f
1132355,"\\u00c1lvaro N\\u00fa\\u00f1ez",2024-06-30,373248,298598,447897,scisports,10268,Elche,t
1132355,"\\u00c1lvaro N\\u00fa\\u00f1ez",2024-07-31,447897,358317,537476,scisports,10268,Elche,f
1132355,"\\u00c1lvaro N\\u00fa\\u00f1ez",2024-08-31,537476,429980,644971,scisports,10268,Elche,f
1132355,"\\u00c1lvaro N\\u00fa\\u00f1ez",2024-09-30,644971,515976,773965,scisports,10268,Elche,f
1132355,"\\u00c1lvaro N\\u00fa\\u00f1ez",2024-10-31,773965,619172,928758,scisports,10268,Elche,f
1132355,"\\u00c1lvaro N\\u00fa\\u00f1ez",2024-11-30,928758,743006,1114509,scisports,10268,Elche,f
1132355,"\\u00c1lvaro N\\u00fa\\u00f1ez",2024-12-31,1010689,808551,1212827,scisports,10268,Elche,f
1132355,"\\u00c1lvaro N\\u00fa\\u00f1ez",2025-01-30,1009065,807252,1210878,scisports,10268,Elche,f
1132355,"\\u00c1lvaro N\\u00fa\\u00f1ez",2025-02-27,1019990,815992,1223989,scisports,10268,Elche,f
1132355,"\\u00c1lvaro N\\u00fa\\u00f1ez",2025-03-30,1256225,1004980,1507470,scisports,10268,Elche,f
1132355,"\\u00c1lvaro N\\u00fa\\u00f1ez",2025-04-30,1256225,1004980,1507470,scisports,10268,Elche,f
1132355,"\\u00c1lvaro N\\u00fa\\u00f1ez",2025-05-31,1259060,1007248,1510872,scisports,10268,Elche,f
1132355,"\\u00c1lvaro N\\u00fa\\u00f1ez",2025-07-01,1258370,1006696,1510044,scisports,10268,Elche,f
1132355,"\\u00c1lvaro N\\u00fa\\u00f1ez",2025-08-01,1183522,946818,1420227,scisports,10268,Elche,f
1132355,"\\u00c1lvaro N\\u00fa\\u00f1ez",2025-09-01,1208244,966595,1449893,scisports,10268,Elche,f
1132355,"\\u00c1lvaro N\\u00fa\\u00f1ez",2025-10-01,1236085,988868,1483302,scisports,10268,Elche,f
1132355,"\\u00c1lvaro N\\u00fa\\u00f1ez",2025-11-01,1265970,1012776,1519164,scisports,10268,Elche,f
1132355,"\\u00c1lvaro N\\u00fa\\u00f1ez",2025-12-01,1274262,1019409,1529114,scisports,10268,Elche,f
1132355,"\\u00c1lvaro N\\u00fa\\u00f1ez",2026-01-01,1303233,1042586,1563879,scisports,10268,Elche,f
1132355,"\\u00c1lvaro N\\u00fa\\u00f1ez",2026-02-01,1391168,1112934,1669402,scisports,9910,"Celta Vigo",t
1132355,"\\u00c1lvaro N\\u00fa\\u00f1ez",2026-03-01,1381086,1104869,1657304,scisports,9910,"Celta Vigo",f
1132355,"\\u00c1lvaro N\\u00fa\\u00f1ez",2026-04-01,1355377,1084301,1626452,scisports,9910,"Celta Vigo",f
1192393,"Victor Chust",2016-12-31,80000,60000,100000,scisports,603058,"Real Madrid U19",t
1192393,"Victor Chust",2017-06-30,660000,490000,820000,scisports,603058,"Real Madrid U19",f
1192393,"Victor Chust",2017-12-31,1240000,930000,1550000,scisports,603058,"Real Madrid U19",f
1192393,"Victor Chust",2018-06-30,1260000,950000,1580000,scisports,603058,"Real Madrid U19",f
1192393,"Victor Chust",2018-12-31,1280000,960000,1610000,scisports,603058,"Real Madrid U19",f
1192393,"Victor Chust",2019-06-30,750000,570000,940000,scisports,8367,"Real Madrid Castilla",t
1192393,"Victor Chust",2019-12-31,220000,170000,280000,scisports,8367,"Real Madrid Castilla",f
1192393,"Victor Chust",2020-06-30,220000,170000,280000,scisports,8367,"Real Madrid Castilla",f
1192393,"Victor Chust",2020-12-31,220000,170000,280000,scisports,8367,"Real Madrid Castilla",f
1192393,"Victor Chust",2021-06-30,640000,480000,800000,scisports,8385,Cadiz,t
1192393,"Victor Chust",2021-10-31,1050000,790000,1320000,scisports,8385,Cadiz,f
1192393,"Victor Chust",2021-11-30,1150000,860000,1440000,scisports,8385,Cadiz,f
1192393,"Victor Chust",2021-12-31,1370000,1030000,1720000,scisports,8385,Cadiz,f
1192393,"Victor Chust",2022-01-31,1760000,1320000,2200000,scisports,8385,Cadiz,f
1192393,"Victor Chust",2022-02-28,1880000,1410000,2350000,scisports,8385,Cadiz,f
1192393,"Victor Chust",2022-03-31,2540000,1900000,3170000,scisports,8385,Cadiz,f
1192393,"Victor Chust",2022-04-30,2460000,1840000,3070000,scisports,8385,Cadiz,f
1192393,"Victor Chust",2022-05-31,2700000,2020000,3370000,scisports,8385,Cadiz,f
1192393,"Victor Chust",2022-06-30,3150000,2360000,3940000,scisports,8385,Cadiz,f
1192393,"Victor Chust",2022-07-31,9880000,7410000,12350000,scisports,8385,Cadiz,f
1192393,"Victor Chust",2022-08-31,13750000,10310000,17190000,scisports,8385,Cadiz,f
1192393,"Victor Chust",2022-09-04,13800000,10350000,17250000,scisports,8385,Cadiz,f
1192393,"Victor Chust",2022-09-30,14390000,10790000,17990000,scisports,8385,Cadiz,f
1192393,"Victor Chust",2022-10-31,16420000,12310000,20520000,scisports,8385,Cadiz,f
1192393,"Victor Chust",2022-11-30,16150000,12120000,20190000,scisports,8385,Cadiz,f
1192393,"Victor Chust",2022-12-31,16050000,12040000,20060000,scisports,8385,Cadiz,f
1192393,"Victor Chust",2023-01-31,15560000,11670000,19450000,scisports,8385,Cadiz,f
1192393,"Victor Chust",2023-02-28,14840000,11130000,18550000,scisports,8385,Cadiz,f
1192393,"Victor Chust",2023-03-31,12150000,9110000,15180000,scisports,8385,Cadiz,f
1192393,"Victor Chust",2023-04-30,11420000,8560000,14270000,scisports,8385,Cadiz,f
1192393,"Victor Chust",2023-05-31,10740000,8060000,13430000,scisports,8385,Cadiz,f
1192393,"Victor Chust",2023-06-30,8550000,6410000,10690000,scisports,8385,Cadiz,f
1192393,"Victor Chust",2023-07-31,7200000,5400000,9000000,scisports,8385,Cadiz,f
1192393,"Victor Chust",2023-09-01,6350000,4760000,7930000,scisports,8385,Cadiz,f
1192393,"Victor Chust",2023-09-30,5730000,4300000,7160000,scisports,8385,Cadiz,f
1192393,"Victor Chust",2023-10-31,4820000,3610000,6020000,scisports,8385,Cadiz,f
1192393,"Victor Chust",2023-11-30,4230000,3170000,5290000,scisports,8385,Cadiz,f
1192393,"Victor Chust",2023-12-31,4260000,3200000,5330000,scisports,8385,Cadiz,f
1192393,"Victor Chust",2024-01-31,3200000,2560000,3840000,scisports,8385,Cadiz,f
1192393,"Victor Chust",2024-02-29,2560000,2048000,3072000,scisports,8385,Cadiz,f
1192393,"Victor Chust",2024-03-31,2163871,1731097,2596646,scisports,8385,Cadiz,f
1192393,"Victor Chust",2024-04-30,2237182,1789746,2684619,scisports,8385,Cadiz,f
1192393,"Victor Chust",2024-05-31,2150837,1720670,2581005,scisports,8385,Cadiz,f
1192393,"Victor Chust",2024-06-30,2150837,1720670,2581005,scisports,8385,Cadiz,f
1192393,"Victor Chust",2024-07-31,2150837,1720670,2581005,scisports,8385,Cadiz,f
1192393,"Victor Chust",2024-08-31,2191438,1753151,2629726,scisports,8385,Cadiz,f
1192393,"Victor Chust",2024-09-30,2185501,1748401,2622602,scisports,8385,Cadiz,f
1192393,"Victor Chust",2024-10-31,2170288,1736230,2604346,scisports,8385,Cadiz,f
1192393,"Victor Chust",2024-11-30,2106248,1684998,2527498,scisports,8385,Cadiz,f
1192393,"Victor Chust",2024-12-31,2106248,1684998,2527498,scisports,8385,Cadiz,f
1192393,"Victor Chust",2025-01-30,2052256,1641805,2462707,scisports,8385,Cadiz,f
1192393,"Victor Chust",2025-02-27,2033029,1626423,2439634,scisports,8385,Cadiz,f
1192393,"Victor Chust",2025-03-30,1988578,1590863,2386294,scisports,8385,Cadiz,f
1192393,"Victor Chust",2025-04-30,1983396,1586717,2380076,scisports,8385,Cadiz,f
1192393,"Victor Chust",2025-05-31,1937162,1549730,2324595,scisports,8385,Cadiz,f
1192393,"Victor Chust",2025-07-01,1987649,1590119,2385179,scisports,8385,Cadiz,f
1192393,"Victor Chust",2025-08-01,1987649,1590119,2385179,scisports,10268,Elche,t
1192393,"Victor Chust",2025-09-01,2009081,1607265,2410897,scisports,10268,Elche,f
1192393,"Victor Chust",2025-10-01,1871273,1497018,2245527,scisports,10268,Elche,f
1192393,"Victor Chust",2025-11-01,1774019,1419215,2128823,scisports,10268,Elche,f
1192393,"Victor Chust",2025-12-01,2077174,1661739,2492609,scisports,10268,Elche,f
1192393,"Victor Chust",2026-01-01,2112089,1689671,2534507,scisports,10268,Elche,f
1192393,"Victor Chust",2026-02-01,2216035,1772828,2659243,scisports,10268,Elche,f
1192393,"Victor Chust",2026-03-01,2260102,1808081,2712122,scisports,10268,Elche,f
1192393,"Victor Chust",2026-04-01,2278475,1822780,2734170,scisports,10268,Elche,f
1209399,"Abdessamad Ezzalzouli",2019-12-31,170000,130000,210000,scisports,10278,Hercules,t
1209399,"Abdessamad Ezzalzouli",2020-06-30,200000,150000,250000,scisports,10278,Hercules,f
1209399,"Abdessamad Ezzalzouli",2020-12-31,220000,170000,280000,scisports,10278,Hercules,f
1209399,"Abdessamad Ezzalzouli",2021-06-30,730000,550000,920000,scisports,10278,Hercules,f
1209399,"Abdessamad Ezzalzouli",2021-10-31,1250000,930000,1560000,scisports,161774,"Barca Atletic",t
1209399,"Abdessamad Ezzalzouli",2021-11-30,1760000,1320000,2200000,scisports,161774,"Barca Atletic",f
1209399,"Abdessamad Ezzalzouli",2021-12-31,2470000,1860000,3090000,scisports,161774,"Barca Atletic",f
1209399,"Abdessamad Ezzalzouli",2022-01-31,2750000,2060000,3440000,scisports,161774,"Barca Atletic",f
1209399,"Abdessamad Ezzalzouli",2022-02-28,3130000,2350000,3910000,scisports,161774,"Barca Atletic",f
1209399,"Abdessamad Ezzalzouli",2022-03-31,3500000,2620000,4370000,scisports,161774,"Barca Atletic",f
1209399,"Abdessamad Ezzalzouli",2022-04-30,3380000,2540000,4230000,scisports,161774,"Barca Atletic",f
1209399,"Abdessamad Ezzalzouli",2022-05-31,2870000,2160000,3590000,scisports,161774,"Barca Atletic",f
1209399,"Abdessamad Ezzalzouli",2022-06-30,2820000,2120000,3530000,scisports,161774,"Barca Atletic",f
1209399,"Abdessamad Ezzalzouli",2022-07-31,2260000,1700000,2830000,scisports,161774,"Barca Atletic",f
1209399,"Abdessamad Ezzalzouli",2022-08-31,2250000,1690000,2810000,scisports,8371,Osasuna,t
1209399,"Abdessamad Ezzalzouli",2022-09-04,2250000,1690000,2810000,scisports,8371,Osasuna,f
1209399,"Abdessamad Ezzalzouli",2022-09-30,3720000,2790000,4650000,scisports,8371,Osasuna,f
1209399,"Abdessamad Ezzalzouli",2022-10-31,5230000,3920000,6530000,scisports,8371,Osasuna,f